Point géographique;Forme géographique;Idcar_200m;I_est_200;Idcar_1km;i_est_1km;Idcar_nat;Numéro de groupe;Population du carreau;Nombre de ménages d’un seul individu;Nombre de ménages de 5 individus ou plus;Nombre de ménages propriétaires;Nombre de ménages monoparentaux;Somme des niveaux de vie winsorisés des individus;Somme de la surface des logements du carreau;Nombre de ménages en logements collectifs;Nombre de ménages en maison;Nombre de logements construits avant 1945;Nombre de logements construits entre 1945 et 1970;Nombre de logements construits entre 1970 et 1990;Nombre de logements construits depuis 1990;Nombre de logements dont la date de construction est inconnue;Nombre de logements sociaux;Nombre d’individus de 0 à 3 ans;Nombre d’individus de 4 à 5 ans;Nombre d’individus de 6 à 10 ans;Nombre d’individus de 11 à 17 ans;Nombre d’individus de 18 à 24 ans;Nombre d’individus de 25 à 39 ans;Nombre d’individus de 40 à 54 ans;Nombre d’individus de 55 à 64 ans;Nombre d’individus de 65 à 79 ans;Nombre d’individus de 80 ans ou plus;Nombre d’individus d’âge inconnu;Nombre de ménages pauvres;Nombre de ménages;lcog_geo;Année;com_arm_code;Code Officiel Commune;Nom Officiel Commune / Arrondissement Municipal;Nom Officiel Commune;Nom Officiel EPCI;Code Officiel EPCI;Nom Officiel Département;Code Officiel Département;Nom Officiel Région;Code Officiel Région
48.79882415706442, 2.2725130316273945;"{""coordinates"": [[[2.271297968359856, 48.7978361034776], [2.271018775727795, 48.799623802128735], [2.27372814427689, 48.79981220395756], [2.274007240882409, 48.79802449749536], [2.271297968359856, 48.7978361034776]]], ""type"": ""Polygon""}";CRS3035RES200mN2883600E3754200;0;CRS3035RES1000mN2883000E3754000;0;CRS3035RES1000mN2883000E3754000;856303;390.0;58.0;14.0;137.0;12.0;15103193.2;14913.0;102.0;68.0;123.0;19.0;11.0;17.0;0.0;0.0;11.0;3.0;19.0;33.0;39.0;46.0;68.0;62.0;51.0;58.0;0.0;10.0;170.0;92023;2017;92023;92023;Clamart;Clamart;Métropole du Grand Paris;200054781;Hauts-de-Seine;92;Île-de-France;11
48.79590492856855, 2.2565371536331917;"{""coordinates"": [[[2.255322469923446, 48.79491670385585], [2.255042726623738, 48.79670435786774], [2.257751886715206, 48.79689314659706], [2.258031534012462, 48.79510548475893], [2.255322469923446, 48.79491670385585]]], ""type"": ""Polygon""}";CRS3035RES200mN2883400E3753000;1;CRS3035RES1000mN2883000E3753000;0;CRS3035RES1000mN2883000E3753000;856251;20.0;1.2;1.2;5.2;0.4;699742.9;695.6;0.0;6.0;3.2;0.4;1.6;0.8;0.0;0.0;0.4;0.0;2.4;2.8;2.4;1.2;5.2;2.8;2.0;0.8;0.0;0.8;6.0;92023;2017;92023;92023;Clamart;Clamart;Métropole du Grand Paris;200054781;Hauts-de-Seine;92;Île-de-France;11
48.790730672972686, 2.2600849585980836;"{""coordinates"": [[[2.258870323365541, 48.78974248554818], [2.25859075233434, 48.791530154234785], [2.261299643190373, 48.791718853712034], [2.261579118242068, 48.789931177204004], [2.258870323365541, 48.78974248554818]]], ""type"": ""Polygon""}";CRS3035RES200mN2882800E3753200;0;CRS3035RES1000mN2882000E3753000;0;CRS3035RES1000mN2882000E3753000;856246;300.5;47.0;7.0;61.0;14.0;8665316.7;9546.0;96.0;39.0;19.0;48.0;33.0;35.0;0.0;14.0;8.0;7.0;19.5;21.5;21.5;58.0;72.0;30.0;39.0;21.0;3.0;10.0;135.0;92023;2017;92023;92023;Clamart;Clamart;Métropole du Grand Paris;200054781;Hauts-de-Seine;92;Île-de-France;11
48.781879322385905, 2.2368274757424267;"{""coordinates"": [[[2.235613497730276, 48.780890885355866], [2.235333164948766, 48.78267849269229], [2.238041503088623, 48.782867752745574], [2.23832173994804, 48.78108013756676], [2.235613497730276, 48.780890885355866]]], ""type"": ""Polygon""}";CRS3035RES200mN2882000E3751400;0;CRS3035RES1000mN2882000E3751000;0;CRS3035RES1000mN2882000E3751000;856188;282.5;20.0;6.0;96.0;9.0;9609225.3;10427.0;17.0;93.0;33.0;37.0;24.0;16.0;0.0;0.0;4.0;1.0;9.0;25.5;29.0;37.0;67.0;53.0;40.0;17.0;0.0;2.0;110.0;92023;2017;92023;92023;Clamart;Clamart;Métropole du Grand Paris;200054781;Hauts-de-Seine;92;Île-de-France;11
47.338512545479006, 5.6986836504902945;"{""coordinates"": [[[5.69743759661565, 47.33756190438044], [5.697288794689391, 47.339358683498425], [5.699929750479287, 47.339463178353974], [5.700078461601825, 47.33766639506807], [5.69743759661565, 47.33756190438044]]], ""type"": ""Polygon""}";CRS3035RES200mN2701000E3995800;1;CRS3035RES1000mN2701000E3995000;1;CRS3035RES4000mN2700000E3992000;119593;4.5;0.4;0.1;1.3;0.2;92023.0;197.0;0.0;1.7;0.8;0.0;0.2;0.6;0.1;0.0;0.3;0.1;0.3;0.6;0.4;0.8;0.8;0.5;0.5;0.2;0.0;0.2;1.7;70075;2017;70075;70075;Bonboillon;Bonboillon;CC du Val Marnaysien;200041887;Haute-Saône;70;Bourgogne-Franche-Comté;27
48.78150067860804, 2.2314109329695033;"{""coordinates"": [[[2.230197069670085, 48.780512183668016], [2.229916545052198, 48.782299775311735], [2.23262484560121, 48.7824891668808], [2.232905274302207, 48.78070156738937], [2.230197069670085, 48.780512183668016]]], ""type"": ""Polygon""}";CRS3035RES200mN2882000E3751000;0;CRS3035RES1000mN2882000E3751000;0;CRS3035RES1000mN2882000E3751000;856194;540.0;90.0;22.0;0.0;50.0;8991257.9;14007.0;235.0;0.0;0.0;234.0;0.0;1.0;0.0;235.0;31.5;21.0;50.5;42.0;31.0;103.0;91.0;64.0;76.0;30.0;0.0;49.0;235.0;92023;2017;92023;92023;Clamart;Clamart;Métropole du Grand Paris;200054781;Hauts-de-Seine;92;Île-de-France;11
48.78640007736452, 2.2498095001253997;"{""coordinates"": [[[2.248595164861246, 48.78541177959583], [2.248315260833664, 48.787199421543264], [2.251023884736883, 48.78738836845467], [2.25130369281237, 48.78560071867664], [2.248595164861246, 48.78541177959583]]], ""type"": ""Polygon""}";CRS3035RES200mN2882400E3752400;0;CRS3035RES1000mN2882000E3752000;0;CRS3035RES1000mN2882000E3752000;856225;729.0;126.0;23.0;46.0;46.0;15226488.4;17590.0;320.0;0.0;0.0;199.0;41.0;80.0;0.0;197.0;44.0;24.5;50.0;65.5;46.0;186.0;133.0;86.0;63.0;30.0;1.0;58.0;320.0;92023;2017;92023;92023;Clamart;Clamart;Métropole du Grand Paris;200054781;Hauts-de-Seine;92;Île-de-France;11
48.77754660748458, 2.2265557513587324;"{""coordinates"": [[[2.225342073171109, 48.77655806019978], [2.225061407749683, 48.77834564072895], [2.227769478867978, 48.77853514810561], [2.228050048394724, 48.77674755972489], [2.225342073171109, 48.77655806019978]]], ""type"": ""Polygon""}";CRS3035RES200mN2881600E3750600;0;CRS3035RES1000mN2881000E3750000;0;CRS3035RES1000mN2881000E3750000;853185;169.5;18.0;4.0;54.0;9.0;5612173.7;5934.0;16.0;55.0;27.0;22.0;10.0;12.0;0.0;0.0;2.0;5.0;10.0;12.5;17.0;29.0;32.0;19.0;24.0;19.0;0.0;4.0;71.0;92023;2017;92023;92023;Clamart;Clamart;Métropole du Grand Paris;200054781;Hauts-de-Seine;92;Île-de-France;11
48.802022598941576, 2.2665357038673943;"{""coordinates"": [[[2.26532068472853, 48.80103448184385], [2.265041249235214, 48.8028221603058], [2.267750772395409, 48.80301070934835], [2.268030111850332, 48.801223023068594], [2.26532068472853, 48.80103448184385]]], ""type"": ""Polygon""}";CRS3035RES200mN2884000E3753800;0;CRS3035RES1000mN2884000E3753000;0;CRS3035RES1000mN2884000E3753000;859277;756.0;141.0;18.0;186.0;42.0;23716154.4;22160.0;346.0;15.0;94.0;39.0;52.0;176.0;0.0;40.0;38.0;25.0;40.0;52.0;60.0;200.0;156.0;69.0;50.0;65.0;1.0;35.0;361.0;92023;2017;92023;92023;Clamart;Clamart;Métropole du Grand Paris;200054781;Hauts-de-Seine;92;Île-de-France;11
48.789320243179944, 2.265782000185865;"{""coordinates"": [[[2.26456728552731, 48.78833211647749], [2.264287931856123, 48.79011980308629], [2.266996764201452, 48.79030836319431], [2.267276021896457, 48.788520668770126], [2.26456728552731, 48.78833211647749]]], ""type"": ""Polygon""}";CRS3035RES200mN2882600E3753600;0;CRS3035RES1000mN2882000E3753000;0;CRS3035RES1000mN2882000E3753000;856231;114.0;15.0;3.0;35.0;2.0;3598794.8;4075.0;9.0;37.0;19.0;13.0;9.0;5.0;0.0;0.0;2.0;1.0;6.0;16.0;11.0;8.0;31.0;12.0;19.0;8.0;0.0;3.0;46.0;9202392060;2017;92023;92023;Clamart;Clamart;Métropole du Grand Paris;200054781;Hauts-de-Seine;92;Île-de-France;11
48.77971308189399, 2.2316913968832397;"{""coordinates"": [[[2.230477568792114, 48.778724589731524], [2.230197069670085, 48.780512183668016], [2.232905274302207, 48.78070156738937], [2.233185677515857, 48.77891396560595], [2.230477568792114, 48.778724589731524]]], ""type"": ""Polygon""}";CRS3035RES200mN2881800E3751000;0;CRS3035RES1000mN2881000E3751000;0;CRS3035RES1000mN2881000E3751000;853194;188.5;20.0;7.0;67.0;4.0;5933688.8;7094.0;6.0;69.0;29.0;19.0;14.0;13.0;0.0;0.0;7.0;4.0;14.5;18.5;8.5;20.0;47.0;17.0;31.0;21.0;0.0;6.0;75.0;92023;2017;92023;92023;Clamart;Clamart;Métropole du Grand Paris;200054781;Hauts-de-Seine;92;Île-de-France;11
48.78206854563928, 2.2395357753138128;"{""coordinates"": [[[2.23832173994804, 48.78108013756676], [2.238041503088623, 48.782867752745574], [2.240749860014517, 48.78305694703983], [2.241030000949245, 48.78126932402133], [2.23832173994804, 48.78108013756676]]], ""type"": ""Polygon""}";CRS3035RES200mN2882000E3751600;0;CRS3035RES1000mN2882000E3751000;0;CRS3035RES1000mN2882000E3751000;856201;905.5;118.0;40.0;93.0;77.0;20950287.1;22533.2;354.0;11.0;8.0;46.0;3.0;307.0;1.0;220.0;56.0;30.5;76.0;100.0;67.0;225.0;198.0;88.0;55.0;8.0;2.0;43.0;365.0;92023;2017;92023;92023;Clamart;Clamart;Métropole du Grand Paris;200054781;Hauts-de-Seine;92;Île-de-France;11
48.785832952431136, 2.2416838568010435;"{""coordinates"": [[[2.240469693614653, 48.78484456776885], [2.240189501746363, 48.78663218620868], [2.242898069332151, 48.78682133041954], [2.243178165256138, 48.78503370414119], [2.240469693614653, 48.78484456776885]]], ""type"": ""Polygon""}";CRS3035RES200mN2882400E3751800;0;CRS3035RES1000mN2882000E3751000;0;CRS3035RES1000mN2882000E3751000;856191;404.0;60.0;12.0;0.0;55.0;6791935.2;9964.0;180.0;1.0;0.0;172.0;0.0;9.0;0.0;181.0;25.0;12.0;30.0;43.0;23.0;62.0;87.0;49.0;48.0;25.0;0.0;43.0;181.0;92023;2017;92023;92023;Clamart;Clamart;Métropole du Grand Paris;200054781;Hauts-de-Seine;92;Île-de-France;11
48.80061185848243, 2.2722338743159862;"{""coordinates"": [[[2.271018775727795, 48.799623802128735], [2.270739557706445, 48.801411498501636], [2.273449022290595, 48.80159990814225], [2.27372814427689, 48.79981220395756], [2.271018775727795, 48.799623802128735]]], ""type"": ""Polygon""}";CRS3035RES200mN2883800E3754200;0;CRS3035RES1000mN2883000E3754000;0;CRS3035RES1000mN2883000E3754000;856301;388.0;25.0;14.0;126.0;12.0;14444181.8;12075.0;65.0;77.0;57.0;36.0;6.0;43.0;0.0;0.0;13.0;7.0;20.5;38.5;43.0;54.0;86.0;61.0;41.0;23.0;1.0;8.0;142.0;92023;2017;92023;92023;Clamart;Clamart;Métropole du Grand Paris;200054781;Hauts-de-Seine;92;Île-de-France;11
48.81218257986319, 2.256728851425144;"{""coordinates"": [[[2.255513792631136, 48.811194359169065], [2.255233916357978, 48.812982000478584], [2.257943959632474, 48.81317079386991], [2.258223739823888, 48.811383144730186], [2.255513792631136, 48.811194359169065]]], ""type"": ""Polygon""}";CRS3035RES200mN2885200E3753200;0;CRS3035RES1000mN2885000E3753000;0;CRS3035RES200mN2885200E3753200;859309;231.0;22.0;9.0;59.0;7.0;7806036.9;6623.0;37.0;47.0;38.0;13.0;14.0;19.0;0.0;0.0;14.0;7.5;19.5;21.5;23.5;42.0;64.0;14.0;19.0;5.0;1.0;9.0;84.0;92023;2017;92023;92023;Clamart;Clamart;Métropole du Grand Paris;200054781;Hauts-de-Seine;92;Île-de-France;11
48.77830409528815, 2.237387994436012;"{""coordinates"": [[[2.236174086860041, 48.77731566380887], [2.235893805032936, 48.779103275728154], [2.238601951337115, 48.779292520097414], [2.23888213725914, 48.77750490033721], [2.236174086860041, 48.77731566380887]]], ""type"": ""Polygon""}";CRS3035RES200mN2881600E3751400;0;CRS3035RES1000mN2881000E3751000;0;CRS3035RES1000mN2881000E3751000;853192;137.5;10.0;5.0;33.0;9.0;3206731.8;4170.0;15.0;36.0;15.0;12.0;9.0;15.0;0.0;0.0;6.5;3.0;9.5;14.5;12.0;32.0;32.0;3.0;19.0;6.0;0.0;7.0;51.0;92023;2017;92023;92023;Clamart;Clamart;Métropole du Grand Paris;200054781;Hauts-de-Seine;92;Île-de-France;11
48.792329608152066, 2.257096493372882;"{""coordinates"": [[[2.255881880224686, 48.79134138898208], [2.255602187789335, 48.793129047560754], [2.258311155884409, 48.79331782063828], [2.25859075233434, 48.791530154234785], [2.255881880224686, 48.79134138898208]]], ""type"": ""Polygon""}";CRS3035RES200mN2883000E3753000;0;CRS3035RES1000mN2883000E3753000;0;CRS3035RES1000mN2883000E3753000;856260;225.5;25.0;4.0;67.0;5.0;9198699.9;8025.0;18.0;72.0;28.0;21.0;20.0;21.0;0.0;0.0;9.0;7.0;9.5;22.0;14.0;42.0;47.0;31.0;24.0;20.0;0.0;4.0;90.0;92023;2017;92023;92023;Clamart;Clamart;Métropole du Grand Paris;200054781;Hauts-de-Seine;92;Île-de-France;11
48.7921408060988, 2.2543875826472743;"{""coordinates"": [[[2.25317302686768, 48.79115255795462], [2.252893238449498, 48.79294020870583], [2.255602187789335, 48.793129047560754], [2.255881880224686, 48.79134138898208], [2.25317302686768, 48.79115255795462]]], ""type"": ""Polygon""}";CRS3035RES200mN2883000E3752800;0;CRS3035RES1000mN2883000E3752000;0;CRS3035RES200mN2883000E3752800;856210;308.5;23.0;13.0;102.0;8.0;11326106.8;11646.0;10.0;105.0;43.0;23.0;27.0;22.0;0.0;0.0;8.0;8.0;22.0;32.5;18.0;32.0;63.0;50.0;49.0;26.0;0.0;7.0;115.0;92023;2017;92023;92023;Clamart;Clamart;Métropole du Grand Paris;200054781;Hauts-de-Seine;92;Île-de-France;11
48.80004634521988, 2.2641057089014973;"{""coordinates"": [[[2.262890782458271, 48.7990582019067], [2.262611276347299, 48.80084587482824], [2.26532068472853, 48.80103448184385], [2.265600094812224, 48.79924680110255], [2.262890782458271, 48.7990582019067]]], ""type"": ""Polygon""}";CRS3035RES200mN2883800E3753600;0;CRS3035RES1000mN2883000E3753000;0;CRS3035RES1000mN2883000E3753000;856269;849.5;125.0;27.0;162.0;54.0;25963755.2;24040.0;352.0;11.0;24.0;58.0;35.0;246.0;0.0;123.0;46.5;27.0;58.0;76.5;72.5;166.0;186.0;80.0;87.0;48.0;2.0;19.0;363.0;92023;2017;92023;92023;Clamart;Clamart;Métropole du Grand Paris;200054781;Hauts-de-Seine;92;Île-de-France;11
48.801456667477005, 2.258407362797842;"{""coordinates"": [[[2.25719251583161, 48.80046846342707], [2.256912792238692, 48.80225611841954], [2.259622259150591, 48.802444864840666], [2.259901886712907, 48.800657202022364], [2.25719251583161, 48.80046846342707]]], ""type"": ""Polygon""}";CRS3035RES200mN2884000E3753200;1;CRS3035RES1000mN2884000E3753000;0;CRS3035RES1000mN2884000E3753000;859257;1.0;0.0;0.1;0.2;0.0;41453.1;33.8;0.1;0.2;0.2;0.0;0.0;0.1;0.0;0.0;0.0;0.0;0.1;0.1;0.2;0.2;0.2;0.1;0.1;0.0;0.0;0.0;0.3;92023;2017;92023;92023;Clamart;Clamart;Métropole du Grand Paris;200054781;Hauts-de-Seine;92;Île-de-France;11
48.78856549219975, 2.2549470126396614;"{""coordinates"": [[[2.25373252740007, 48.787577249598094], [2.253452789850106, 48.78936490491882], [2.2561615472328, 48.789553728119536], [2.25644118881696, 48.78776606497283], [2.25373252740007, 48.787577249598094]]], ""type"": ""Polygon""}";CRS3035RES200mN2882600E3752800;1;CRS3035RES1000mN2882000E3752000;0;CRS3035RES1000mN2882000E3752000;856211;39.0;3.8;0.8;0.0;0.8;972307.0;1287.8;12.0;3.0;0.0;0.0;10.5;4.5;0.0;0.0;1.5;0.0;2.2;2.2;7.5;4.5;15.8;5.3;0.0;0.0;0.0;0.8;15.0;92023;2017;92023;92023;Clamart;Clamart;Métropole du Grand Paris;200054781;Hauts-de-Seine;92;Île-de-France;11
48.79901252209327, 2.27522236152238;"{""coordinates"": [[[2.274007240882409, 48.79802449749536], [2.27372814427689, 48.79981220395756], [2.276437531545169, 48.800000539995935], [2.276716532121558, 48.79821282572531], [2.274007240882409, 48.79802449749536]]], ""type"": ""Polygon""}";CRS3035RES200mN2883600E3754400;0;CRS3035RES1000mN2883000E3754000;0;CRS3035RES1000mN2883000E3754000;856304;482.0;55.0;13.0;157.0;13.0;19226773.2;16663.0;162.0;34.0;45.0;5.0;5.0;141.0;0.0;0.0;10.0;8.0;38.5;43.5;41.0;74.0;121.0;81.0;53.0;11.0;1.0;7.0;196.0;9202392020;2017;92023;92023;Clamart;Clamart;Métropole du Grand Paris;200054781;Hauts-de-Seine;92;Île-de-France;11
48.779902428815234, 2.234399562958707;"{""coordinates"": [[[2.233185677515857, 48.77891396560595], [2.232905274302207, 48.78070156738937], [2.235613497730276, 48.780890885355866], [2.235893805032936, 48.779103275728154], [2.233185677515857, 48.77891396560595]]], ""type"": ""Polygon""}";CRS3035RES200mN2881800E3751200;0;CRS3035RES1000mN2881000E3751000;0;CRS3035RES1000mN2881000E3751000;853195;209.0;30.0;7.0;75.0;6.0;6948163.2;8522.0;20.0;71.0;23.0;32.0;25.0;11.0;0.0;0.0;4.0;1.0;5.0;14.0;26.0;29.0;32.0;32.0;44.0;22.0;0.0;5.0;91.0;92023;2017;92023;92023;Clamart;Clamart;Métropole du Grand Paris;200054781;Hauts-de-Seine;92;Île-de-France;11
48.80446541016505, 2.249719212309178;"{""coordinates"": [[[2.248504466966651, 48.80347711362637], [2.248224404366145, 48.80526474055886], [2.250934007044541, 48.80545370002172], [2.251213973605196, 48.803666065254], [2.248504466966651, 48.80347711362637]]], ""type"": ""Polygon""}";CRS3035RES200mN2884400E3752600;1;CRS3035RES1000mN2884000E3752000;0;CRS3035RES1000mN2884000E3752000;859243;9.0;1.9;0.9;0.0;0.2;304333.4;249.5;2.4;1.2;1.0;0.5;2.1;0.0;0.0;0.0;0.1;0.0;0.7;2.1;1.9;0.7;2.6;0.5;0.2;0.2;0.0;1.0;3.6;9202392048;2017;92023;92023;Clamart;Clamart;Métropole du Grand Paris;200054781;Hauts-de-Seine;92;Île-de-France;11
48.78225770313461, 2.242244093666829;"{""coordinates"": [[[2.241030000949245, 48.78126932402133], [2.240749860014517, 48.78305694703983], [2.243458235720206, 48.78324607557439], [2.243738280727645, 48.7814584447188], [2.241030000949245, 48.78126932402133]]], ""type"": ""Polygon""}";CRS3035RES200mN2882000E3751800;0;CRS3035RES1000mN2882000E3751000;0;CRS3035RES1000mN2882000E3751000;856190;502.0;51.0;26.0;14.0;43.0;10332016.6;11340.0;181.0;0.0;0.0;68.0;0.0;113.0;0.0;141.0;28.5;18.5;42.0;70.5;38.5;116.0;105.0;44.0;27.0;12.0;0.0;30.0;181.0;92023;2017;92023;92023;Clamart;Clamart;Métropole du Grand Paris;200054781;Hauts-de-Seine;92;Île-de-France;11
48.79468330446368, 2.2649439688543582;"{""coordinates"": [[[2.263729148315231, 48.79369516945821], [2.263449718438948, 48.795482849222], [2.2661588387639, 48.79567143278052], [2.266438172638461, 48.79388374519916], [2.263729148315231, 48.79369516945821]]], ""type"": ""Polygon""}";CRS3035RES200mN2883200E3753600;0;CRS3035RES1000mN2883000E3753000;0;CRS3035RES1000mN2883000E3753000;856254;101.0;16.0;3.0;28.0;1.0;3511673.2;3538.0;18.0;23.0;22.0;6.0;2.0;11.0;0.0;0.0;2.0;3.0;8.0;9.0;12.0;17.0;25.0;14.0;5.0;6.0;0.0;4.0;41.0;92023;2017;92023;92023;Clamart;Clamart;Métropole du Grand Paris;200054781;Hauts-de-Seine;92;Île-de-France;11
48.80625303987419, 2.2494391849953077;"{""coordinates"": [[[2.248224404366145, 48.80526474055886], [2.247944316295015, 48.80705236520855], [2.250654015021778, 48.80724133250734], [2.250934007044541, 48.80545370002172], [2.248224404366145, 48.80526474055886]]], ""type"": ""Polygon""}";CRS3035RES200mN2884600E3752600;1;CRS3035RES1000mN2884000E3752000;0;CRS3035RES1000mN2884000E3752000;859243;37.0;7.8;3.6;0.0;0.7;1251148.6;1025.7;9.9;5.0;4.3;2.1;8.5;0.0;0.0;0.0;0.7;0.0;2.9;8.5;7.8;2.9;10.7;2.1;0.7;0.7;0.0;4.3;14.9;9202392048;2017;92023;92023;Clamart;Clamart;Métropole du Grand Paris;200054781;Hauts-de-Seine;92;Île-de-France;11
48.811526438884194, 2.273268399510957;"{""coordinates"": [[[2.272053031532547, 48.81053839491395], [2.271773757192609, 48.81232608544015], [2.274483816903462, 48.812514476157865], [2.27476299515459, 48.81072677781815], [2.272053031532547, 48.81053839491395]]], ""type"": ""Polygon""}";CRS3035RES200mN2885000E3754400;0;CRS3035RES1000mN2885000E3754000;0;CRS3035RES200mN2885000E3754400;859374;650.0;112.0;18.0;166.0;24.0;22284165.4;19997.0;229.0;62.0;174.0;65.0;14.0;38.0;0.0;0.0;38.0;18.5;40.0;49.5;53.0;143.0;149.0;62.0;59.0;38.0;0.0;19.0;291.0;92023;2017;92023;92023;Clamart;Clamart;Métropole du Grand Paris;200054781;Hauts-de-Seine;92;Île-de-France;11
48.806819633930665, 2.2575682216024933;"{""coordinates"": [[[2.256353268734137, 48.80583142156097], [2.25607346881592, 48.807619069710555], [2.258783223870762, 48.807807839613524], [2.259062927732809, 48.8060201836359], [2.256353268734137, 48.80583142156097]]], ""type"": ""Polygon""}";CRS3035RES200mN2884600E3753200;0;CRS3035RES1000mN2884000E3753000;0;CRS3035RES1000mN2884000E3753000;859270;326.5;25.0;9.0;107.0;16.0;12385289.1;10901.0;15.0;106.0;88.0;15.0;4.0;14.0;0.0;0.0;21.0;10.0;15.5;28.0;30.0;43.0;75.0;52.0;35.0;17.0;0.0;10.0;121.0;92023;2017;92023;92023;Clamart;Clamart;Métropole du Grand Paris;200054781;Hauts-de-Seine;92;Île-de-France;11
48.78263582084825, 2.2476607866926788;"{""coordinates"": [[[2.246446579276976, 48.7816474996585], [2.246166630199423, 48.78343513834847], [2.248875043445926, 48.783624135361386], [2.249154896590994, 48.78183648883964], [2.246446579276976, 48.7816474996585]]], ""type"": ""Polygon""}";CRS3035RES200mN2882000E3752200;0;CRS3035RES1000mN2882000E3752000;0;CRS3035RES1000mN2882000E3752000;856213;59.5;6.0;4.0;7.0;2.0;1169815.6;1591.0;16.0;6.0;0.0;19.0;1.0;2.0;0.0;0.0;4.0;0.0;2.5;4.0;4.0;15.0;12.0;14.0;3.0;1.0;0.0;6.0;22.0;9202392060;2017;92023;92023;Clamart;Clamart;Métropole du Grand Paris;200054781;Hauts-de-Seine;92;Île-de-France;11
48.80484318966754, 2.2551383591801986;"{""coordinates"": [[[2.253923499020831, 48.803854951089036], [2.253643628502625, 48.80564259368932], [2.256353268734137, 48.80583142156097], [2.256633043207297, 48.80404377113072], [2.253923499020831, 48.803854951089036]]], ""type"": ""Polygon""}";CRS3035RES200mN2884400E3753000;0;CRS3035RES1000mN2884000E3753000;0;CRS3035RES1000mN2884000E3753000;859259;226.0;10.0;8.0;71.0;6.0;8705843.1;8175.0;7.0;72.0;39.0;12.0;18.0;10.0;0.0;0.0;8.0;4.0;25.0;22.0;17.0;19.0;51.0;32.0;34.0;14.0;0.0;4.0;79.0;92023;2017;92023;92023;Clamart;Clamart;Métropole du Grand Paris;200054781;Hauts-de-Seine;92;Île-de-France;11
48.80221111117884, 2.269245188376414;"{""coordinates"": [[[2.268030111850332, 48.801223023068594], [2.267750772395409, 48.80301070934835], [2.27046031429251, 48.80319919259658], [2.270739557706445, 48.801411498501636], [2.268030111850332, 48.801223023068594]]], ""type"": ""Polygon""}";CRS3035RES200mN2884000E3754000;0;CRS3035RES1000mN2884000E3754000;0;CRS3035RES200mN2884000E3754000;859342;379.5;38.0;15.0;102.0;14.0;14708585.1;11297.5;91.0;54.0;77.0;31.0;20.0;16.0;1.0;5.0;19.5;5.0;21.0;47.0;33.0;68.0;90.0;47.0;36.0;13.0;0.0;7.0;145.0;92023;2017;92023;92023;Clamart;Clamart;Métropole du Grand Paris;200054781;Hauts-de-Seine;92;Île-de-France;11
48.79392845962206, 2.2541078295030044;"{""coordinates"": [[[2.252893238449498, 48.79294020870583], [2.25261342459227, 48.794727857172774], [2.255322469923446, 48.79491670385585], [2.255602187789335, 48.793129047560754], [2.252893238449498, 48.79294020870583]]], ""type"": ""Polygon""}";CRS3035RES200mN2883200E3752800;0;CRS3035RES1000mN2883000E3752000;0;CRS3035RES200mN2883200E3752800;856209;223.0;22.0;7.0;77.0;12.0;7898169.7;8192.0;25.0;64.0;33.0;32.0;14.0;10.0;0.0;0.0;3.5;3.0;12.5;21.0;20.0;27.0;55.0;30.0;30.0;21.0;0.0;4.0;89.0;92023;2017;92023;92023;Clamart;Clamart;Métropole du Grand Paris;200054781;Hauts-de-Seine;92;Île-de-France;11
48.800800231321375, 2.274943300243063;"{""coordinates"": [[[2.27372814427689, 48.79981220395756], [2.273449022290595, 48.80159990814225], [2.276158505596527, 48.80178825198976], [2.276437531545169, 48.800000539995935], [2.27372814427689, 48.79981220395756]]], ""type"": ""Polygon""}";CRS3035RES200mN2883800E3754400;0;CRS3035RES1000mN2883000E3754000;0;CRS3035RES1000mN2883000E3754000;856310;705.0;158.0;14.0;189.0;37.0;20650683.0;20300.0;335.0;11.0;35.0;169.0;70.0;72.0;0.0;82.0;40.0;13.0;54.5;45.0;39.5;167.0;162.0;72.0;76.0;34.0;2.0;23.0;346.0;9202392020;2017;92023;92023;Clamart;Clamart;Métropole du Grand Paris;200054781;Hauts-de-Seine;92;Île-de-France;11
48.79035315029147, 2.254667310358397;"{""coordinates"": [[[2.253452789850106, 48.78936490491882], [2.25317302686768, 48.79115255795462], [2.255881880224686, 48.79134138898208], [2.2561615472328, 48.789553728119536], [2.253452789850106, 48.78936490491882]]], ""type"": ""Polygon""}";CRS3035RES200mN2882800E3752800;0;CRS3035RES1000mN2882000E3752000;0;CRS3035RES1000mN2882000E3752000;856218;298.5;33.0;13.0;78.0;8.0;9294462.8;9047.0;45.0;69.0;39.0;59.0;11.0;5.0;0.0;0.0;11.0;10.5;20.0;30.0;26.0;62.0;65.0;35.0;23.0;15.0;1.0;9.0;114.0;92023;2017;92023;92023;Clamart;Clamart;Métropole du Grand Paris;200054781;Hauts-de-Seine;92;Île-de-France;11
48.79110793255588, 2.2655026818055863;"{""coordinates"": [[[2.264287931856123, 48.79011980308629], [2.264008552786526, 48.7919074874131], [2.266717481116551, 48.792096055337204], [2.266996764201452, 48.79030836319431], [2.264287931856123, 48.79011980308629]]], ""type"": ""Polygon""}";CRS3035RES200mN2882800E3753600;0;CRS3035RES1000mN2882000E3753000;0;CRS3035RES1000mN2882000E3753000;856233;132.0;17.0;4.0;40.0;8.0;3700095.9;4502.0;22.0;36.0;17.0;9.0;24.0;8.0;0.0;0.0;8.0;2.0;7.0;11.0;4.0;27.0;24.0;17.0;25.0;7.0;0.0;7.0;58.0;92023;2017;92023;92023;Clamart;Clamart;Métropole du Grand Paris;200054781;Hauts-de-Seine;92;Île-de-France;11
48.79270701492858, 2.2625143710702593;"{""coordinates"": [[[2.261299643190373, 48.791718853712034], [2.261020142728465, 48.793506527937666], [2.263729148315231, 48.79369516945821], [2.264008552786526, 48.7919074874131], [2.261299643190373, 48.791718853712034]]], ""type"": ""Polygon""}";CRS3035RES200mN2883000E3753400;0;CRS3035RES1000mN2883000E3753000;0;CRS3035RES1000mN2883000E3753000;856256;143.0;12.0;5.0;36.0;5.0;4975039.5;4914.0;26.0;26.0;9.0;9.0;23.0;11.0;0.0;7.0;10.0;2.5;8.5;15.0;14.0;26.0;34.0;15.0;12.0;6.0;0.0;5.0;52.0;92023;2017;92023;92023;Clamart;Clamart;Métropole du Grand Paris;200054781;Hauts-de-Seine;92;Île-de-France;11
48.79571611086155, 2.2538280509223148;"{""coordinates"": [[[2.25261342459227, 48.794727857172774], [2.252333585292705, 48.7965155033557], [2.255042726623738, 48.79670435786774], [2.255322469923446, 48.79491670385585], [2.25261342459227, 48.794727857172774]]], ""type"": ""Polygon""}";CRS3035RES200mN2883400E3752800;0;CRS3035RES1000mN2883000E3752000;0;CRS3035RES200mN2883400E3752800;856208;68.5;5.0;1.0;19.0;5.0;2851843.3;2369.0;6.0;19.0;14.0;4.0;1.0;6.0;0.0;0.0;0.0;3.0;5.0;12.5;4.0;4.0;21.0;4.0;13.0;2.0;0.0;0.0;25.0;92023;2017;92023;92023;Clamart;Clamart;Métropole du Grand Paris;200054781;Hauts-de-Seine;92;Île-de-France;11
48.79609368049379, 2.259246275100085;"{""coordinates"": [[[2.258031534012462, 48.79510548475893], [2.257751886715206, 48.79689314659706], [2.260461065560845, 48.79708186954296], [2.26074061685305, 48.79529419988122], [2.258031534012462, 48.79510548475893]]], ""type"": ""Polygon""}";CRS3035RES200mN2883400E3753200;1;CRS3035RES1000mN2883000E3753000;0;CRS3035RES1000mN2883000E3753000;856251;25.0;1.5;1.5;6.5;0.5;874678.7;869.5;0.0;7.5;4.0;0.5;2.0;1.0;0.0;0.0;0.5;0.0;3.0;3.5;3.0;1.5;6.5;3.5;2.5;1.0;0.0;1.0;7.5;92023;2017;92023;92023;Clamart;Clamart;Métropole du Grand Paris;200054781;Hauts-de-Seine;92;Île-de-France;11
48.81077236518314, 2.262428502776556;"{""coordinates"": [[[2.26121336445451, 48.80978420524044], [2.260933705785331, 48.81157186448591], [2.263643690509198, 48.81176051843552], [2.263923253099962, 48.80997285136588], [2.26121336445451, 48.80978420524044]]], ""type"": ""Polygon""}";CRS3035RES200mN2885000E3753600;0;CRS3035RES1000mN2885000E3753000;0;CRS3035RES200mN2885000E3753600;859308;202.0;21.0;8.0;68.0;6.0;8239132.2;7078.0;27.0;53.0;48.0;22.0;5.0;5.0;0.0;0.0;5.0;5.0;10.5;16.5;25.0;25.0;51.0;29.0;23.0;12.0;0.0;3.0;80.0;92023;2017;92023;92023;Clamart;Clamart;Métropole du Grand Paris;200054781;Hauts-de-Seine;92;Île-de-France;11
48.807951045467036, 2.273826801311424;"{""coordinates"": [[[2.272611504014231, 48.80696300703438], [2.272332280471989, 48.80875070211214], [2.275042148013762, 48.80893907720354], [2.275321275484253, 48.807151374313676], [2.272611504014231, 48.80696300703438]]], ""type"": ""Polygon""}";CRS3035RES200mN2884600E3754400;0;CRS3035RES1000mN2884000E3754000;0;CRS3035RES200mN2884600E3754400;859343;393.5;42.0;16.0;121.0;9.0;14839362.1;11423.0;40.0;111.0;138.0;4.0;2.0;7.0;0.0;0.0;16.0;8.0;36.0;34.0;37.5;55.0;108.0;38.0;38.0;21.0;2.0;9.0;151.0;92023;2017;92023;92023;Clamart;Clamart;Métropole du Grand Paris;200054781;Hauts-de-Seine;92;Île-de-France;11
48.81331413217996, 2.272989160515563;"{""coordinates"": [[[2.271773757192609, 48.81232608544015], [2.271494457448895, 48.81411377369101], [2.274204613257073, 48.81430217222298], [2.274483816903462, 48.812514476157865], [2.271773757192609, 48.81232608544015]]], ""type"": ""Polygon""}";CRS3035RES200mN2885200E3754400;0;CRS3035RES1000mN2885000E3754000;0;CRS3035RES200mN2885200E3754400;859375;576.0;151.0;10.0;124.0;25.0;16517597.9;14823.0;289.0;9.0;181.0;22.0;24.0;71.0;0.0;37.0;36.0;5.0;33.5;33.5;49.0;182.0;112.0;60.0;41.0;23.0;1.0;47.0;298.0;92023;2017;92023;92023;Clamart;Clamart;Métropole du Grand Paris;200054781;Hauts-de-Seine;92;Île-de-France;11
48.77773607806089, 2.2292637839321605;"{""coordinates"": [[[2.228050048394724, 48.77674755972489], [2.227769478867978, 48.77853514810561], [2.230477568792114, 48.778724589731524], [2.230758042421586, 48.77693699350199], [2.228050048394724, 48.77674755972489]]], ""type"": ""Polygon""}";CRS3035RES200mN2881600E3750800;0;CRS3035RES1000mN2881000E3750000;0;CRS3035RES1000mN2881000E3750000;853184;163.0;16.0;6.0;53.0;5.0;4721163.5;5853.5;7.0;60.0;23.0;26.0;13.0;3.0;2.0;0.0;4.0;4.0;6.0;15.0;13.0;21.0;31.0;26.0;31.0;11.0;1.0;4.0;67.0;92023;2017;92023;92023;Clamart;Clamart;Métropole du Grand Paris;200054781;Hauts-de-Seine;92;Île-de-France;11
48.807762641380364, 2.2711169911707296;"{""coordinates"": [[[2.269901751273759, 48.806774573953945], [2.269622431662366, 48.80856226121701], [2.272332280471989, 48.80875070211214], [2.272611504014231, 48.80696300703438], [2.269901751273759, 48.806774573953945]]], ""type"": ""Polygon""}";CRS3035RES200mN2884600E3754200;0;CRS3035RES1000mN2884000E3754000;0;CRS3035RES200mN2884600E3754200;859345;458.5;65.0;11.0;132.0;11.0;16468111.0;14376.7;119.0;73.0;108.0;42.0;3.0;38.0;1.0;0.0;30.0;15.0;28.5;29.0;35.0;93.0;81.0;55.0;61.0;30.0;1.0;13.0;192.0;92023;2017;92023;92023;Clamart;Clamart;Métropole du Grand Paris;200054781;Hauts-de-Seine;92;Île-de-France;11
48.78169003337525, 2.2341191949588977;"{""coordinates"": [[[2.232905274302207, 48.78070156738937], [2.23262484560121, 48.7824891668808], [2.235333164948766, 48.78267849269229], [2.235613497730276, 48.780890885355866], [2.232905274302207, 48.78070156738937]]], ""type"": ""Polygon""}";CRS3035RES200mN2882000E3751200;1;CRS3035RES1000mN2882000E3751000;0;CRS3035RES1000mN2882000E3751000;856186;174.5;16.3;8.7;54.8;4.8;5170146.8;6363.7;14.4;54.8;28.8;21.2;12.5;6.7;0.0;0.0;2.9;2.9;5.8;19.2;14.9;20.2;37.5;25.9;29.8;15.4;0.0;2.9;69.2;92023;2017;92023;92023;Clamart;Clamart;Métropole du Grand Paris;200054781;Hauts-de-Seine;92;Île-de-France;11
48.80663083504258, 2.254858523959746;"{""coordinates"": [[[2.253643628502625, 48.80564259368932], [2.253363732530838, 48.80743023400827], [2.25607346881592, 48.807619069710555], [2.256353268734137, 48.80583142156097], [2.253643628502625, 48.80564259368932]]], ""type"": ""Polygon""}";CRS3035RES200mN2884600E3753000;0;CRS3035RES1000mN2884000E3753000;0;CRS3035RES1000mN2884000E3753000;859271;382.5;35.0;22.0;104.0;13.0;13260817.1;12210.0;63.0;74.0;83.0;21.0;4.0;26.0;3.0;9.0;22.0;13.0;36.5;33.0;33.0;72.0;82.0;35.0;45.0;11.0;0.0;11.0;137.0;92023;2017;92023;92023;Clamart;Clamart;Métropole du Grand Paris;200054781;Hauts-de-Seine;92;Île-de-France;11
48.78385616359327, 2.2392555736819517;"{""coordinates"": [[[2.238041503088623, 48.782867752745574], [2.237761240755562, 48.78465536563411], [2.240469693614653, 48.78484456776885], [2.240749860014517, 48.78305694703983], [2.238041503088623, 48.782867752745574]]], ""type"": ""Polygon""}";CRS3035RES200mN2882200E3751600;0;CRS3035RES1000mN2882000E3751000;0;CRS3035RES1000mN2882000E3751000;856193;593.5;74.0;31.0;5.0;55.0;10173041.5;12424.0;226.0;5.0;2.0;185.0;3.0;41.0;0.0;195.0;40.0;19.0;40.0;67.0;50.5;126.0;115.0;59.0;51.0;17.0;9.0;63.0;231.0;92023;2017;92023;92023;Clamart;Clamart;Métropole du Grand Paris;200054781;Hauts-de-Seine;92;Île-de-France;11
48.809927089408326, 2.2762575380541885;"{""coordinates"": [[[2.275042148013762, 48.80893907720354], [2.27476299515459, 48.81072677781815], [2.277472977505111, 48.81091509491517], [2.277752034281412, 48.80912738649044], [2.275042148013762, 48.80893907720354]]], ""type"": ""Polygon""}";CRS3035RES200mN2884800E3754600;0;CRS3035RES1000mN2884000E3754000;0;CRS3035RES200mN2884800E3754600;859347;521.5;55.0;20.0;98.0;34.0;16933241.7;15982.0;106.0;94.0;102.0;17.0;5.0;76.0;0.0;74.0;26.0;13.5;43.0;64.0;50.0;96.0;114.0;61.0;34.0;20.0;0.0;16.0;200.0;92023;2017;92023;92023;Clamart;Clamart;Métropole du Grand Paris;200054781;Hauts-de-Seine;92;Île-de-France;11
48.79628236663659, 2.2619554153167165;"{""coordinates"": [[[2.26074061685305, 48.79529419988122], [2.260461065560845, 48.79708186954296], [2.263170263154391, 48.79727052670469], [2.263449718438948, 48.795482849222], [2.26074061685305, 48.79529419988122]]], ""type"": ""Polygon""}";CRS3035RES200mN2883400E3753400;0;CRS3035RES1000mN2883000E3753000;0;CRS3035RES1000mN2883000E3753000;856262;214.5;42.0;1.0;81.0;6.0;8845030.2;7952.0;106.0;0.0;0.0;27.0;69.0;10.0;0.0;0.0;6.0;3.0;13.0;17.5;16.0;26.0;48.0;25.0;40.0;20.0;0.0;2.0;106.0;92023;2017;92023;92023;Clamart;Clamart;Métropole du Grand Paris;200054781;Hauts-de-Seine;92;Île-de-France;11
48.799857709219566, 2.2613963579064618;"{""coordinates"": [[[2.26018148884856, 48.79886953692324], [2.259901886712907, 48.800657202022364], [2.262611276347299, 48.80084587482824], [2.262890782458271, 48.7990582019067], [2.26018148884856, 48.79886953692324]]], ""type"": ""Polygon""}";CRS3035RES200mN2883800E3753400;0;CRS3035RES1000mN2883000E3753000;0;CRS3035RES1000mN2883000E3753000;856268;765.0;127.0;10.0;136.0;50.0;25503229.0;23584.0;339.0;10.0;57.0;11.0;10.0;271.0;0.0;112.0;41.0;21.0;51.5;70.5;47.0;140.0;193.0;93.0;78.0;30.0;0.0;14.0;349.0;92023;2017;92023;92023;Clamart;Clamart;Métropole du Grand Paris;200054781;Hauts-de-Seine;92;Île-de-France;11
48.78818772208437, 2.2495296313527886;"{""coordinates"": [[[2.248315260833664, 48.787199421543264], [2.248035331359889, 48.78898706120405], [2.250744051223715, 48.78917601594674], [2.251023884736883, 48.78738836845467], [2.248315260833664, 48.787199421543264]]], ""type"": ""Polygon""}";CRS3035RES200mN2882600E3752400;0;CRS3035RES1000mN2882000E3752000;0;CRS3035RES1000mN2882000E3752000;856220;440.0;48.0;21.0;0.0;40.0;7247066.6;9301.0;166.0;0.0;0.0;166.0;0.0;0.0;0.0;166.0;35.5;15.0;32.0;50.0;26.0;91.0;83.5;61.0;33.0;13.0;0.0;37.0;166.0;92023;2017;92023;92023;Clamart;Clamart;Métropole du Grand Paris;200054781;Hauts-de-Seine;92;Île-de-France;11
48.78244679487118, 2.2449524307951942;"{""coordinates"": [[[2.243738280727645, 48.7814584447188], [2.243458235720206, 48.78324607557439], [2.246166630199423, 48.78343513834847], [2.246446579276976, 48.7816474996585], [2.243738280727645, 48.7814584447188]]], ""type"": ""Polygon""}";CRS3035RES200mN2882000E3752000;0;CRS3035RES1000mN2882000E3752000;0;CRS3035RES1000mN2882000E3752000;856219;242.5;73.0;8.0;1.0;16.0;4398164.3;5041.0;125.0;0.0;0.0;1.0;0.0;124.0;0.0;65.0;12.0;8.0;18.0;24.5;29.0;75.0;43.0;14.0;12.0;7.0;0.0;37.0;125.0;92023;2017;92023;92023;Clamart;Clamart;Métropole du Grand Paris;200054781;Hauts-de-Seine;92;Île-de-France;11
48.815569027711184, 2.2534589660271203;"{""coordinates"": [[[2.252243894041972, 48.81458077247642], [2.251963870752847, 48.81636840139314], [2.254674087433654, 48.81655727625972], [2.254954014626582, 48.81476963950869], [2.252243894041972, 48.81458077247642]]], ""type"": ""Polygon""}";CRS3035RES200mN2885600E3753000;0;CRS3035RES1000mN2885000E3753000;0;CRS3035RES200mN2885600E3753000;859305;202.0;20.0;9.0;54.0;4.0;6123153.1;5541.0;31.0;44.0;48.0;10.0;7.0;10.0;0.0;0.0;6.0;4.0;16.0;21.5;12.5;38.0;45.0;23.0;27.0;9.0;0.0;10.0;75.0;9202392048;2017;92023;92023;Clamart;Clamart;Métropole du Grand Paris;200054781;Hauts-de-Seine;92;Île-de-France;11
48.81293721130961, 2.26756898247652;"{""coordinates"": [[[2.266353693989211, 48.81194910657824], [2.266074202058623, 48.813736779192645], [2.268784320380658, 48.813925309347304], [2.269063716219104, 48.81213762891338], [2.266353693989211, 48.81194910657824]]], ""type"": ""Polygon""}";CRS3035RES200mN2885200E3754000;0;CRS3035RES1000mN2885000E3754000;0;CRS3035RES200mN2885200E3754000;859357;252.5;24.0;13.0;65.0;4.0;10962399.2;10130.0;40.0;51.0;38.0;42.0;3.0;8.0;0.0;0.0;7.0;6.5;21.0;25.0;31.0;26.0;70.0;19.0;35.0;12.0;0.0;3.0;91.0;9202392040;2017;92023;92023;Clamart;Clamart;Métropole du Grand Paris;200054781;Hauts-de-Seine;92;Île-de-France;11
48.798258667248135, 2.2643851542936324;"{""coordinates"": [[[2.263170263154391, 48.79727052670469], [2.262890782458271, 48.7990582019067], [2.265600094812224, 48.79924680110255], [2.265879479489584, 48.797459118081534], [2.263170263154391, 48.79727052670469]]], ""type"": ""Polygon""}";CRS3035RES200mN2883600E3753600;0;CRS3035RES1000mN2883000E3753000;0;CRS3035RES1000mN2883000E3753000;856263;293.5;48.0;11.0;69.0;17.0;9357290.9;8435.0;78.0;49.0;94.0;17.0;4.0;12.0;0.0;9.0;13.0;5.5;21.5;37.5;23.0;61.0;74.0;22.0;21.0;15.0;0.0;12.0;127.0;92023;2017;92023;92023;Clamart;Clamart;Métropole du Grand Paris;200054781;Hauts-de-Seine;92;Île-de-France;11
48.798070039068556, 2.2616758993203274;"{""coordinates"": [[[2.260461065560845, 48.79708186954296], [2.26018148884856, 48.79886953692324], [2.262890782458271, 48.7990582019067], [2.263170263154391, 48.79727052670469], [2.260461065560845, 48.79708186954296]]], ""type"": ""Polygon""}";CRS3035RES200mN2883600E3753400;0;CRS3035RES1000mN2883000E3753000;0;CRS3035RES1000mN2883000E3753000;856257;111.5;23.0;2.0;45.0;0.0;4758749.6;4338.0;54.0;3.0;3.0;27.0;0.0;27.0;0.0;0.0;3.0;3.5;2.0;1.0;7.0;14.0;18.0;20.0;26.0;17.0;0.0;3.0;57.0;92023;2017;92023;92023;Clamart;Clamart;Métropole du Grand Paris;200054781;Hauts-de-Seine;92;Île-de-France;11
48.803998800227475, 2.2689658842418194;"{""coordinates"": [[[2.267750772395409, 48.80301070934835], [2.267471407536102, 48.80479839334977], [2.270181045482712, 48.8049868844139], [2.27046031429251, 48.80319919259658], [2.267750772395409, 48.80301070934835]]], ""type"": ""Polygon""}";CRS3035RES200mN2884200E3754000;0;CRS3035RES1000mN2884000E3754000;0;CRS3035RES200mN2884200E3754000;859333;258.0;25.0;11.0;74.0;8.0;10621608.1;9061.0;44.0;54.0;63.0;22.0;3.0;10.0;0.0;0.0;9.0;6.0;18.5;27.5;24.0;26.0;64.0;28.0;31.0;24.0;0.0;3.0;98.0;92023;2017;92023;92023;Clamart;Clamart;Métropole du Grand Paris;200054781;Hauts-de-Seine;92;Île-de-France;11
48.78545454032065, 2.2362668551438554;"{""coordinates"": [[[2.235052806685111, 48.78446609773776], [2.234772422936012, 48.786253700492594], [2.237480952945569, 48.78644297623276], [2.237761240755562, 48.78465536563411], [2.235052806685111, 48.78446609773776]]], ""type"": ""Polygon""}";CRS3035RES200mN2882400E3751400;0;CRS3035RES1000mN2882000E3751000;0;CRS3035RES1000mN2882000E3751000;856203;1470.0;158.0;100.0;0.0;94.0;25722070.2;33268.0;505.0;0.0;0.0;427.0;17.0;61.0;0.0;505.0;104.0;61.5;128.5;181.5;108.5;305.0;295.0;132.0;107.0;35.0;12.0;96.0;505.0;9202392048;2017;92023;92023;Clamart;Clamart;Métropole du Grand Paris;200054781;Hauts-de-Seine;92;Île-de-France;11
48.80616334534503, 2.2741059641230583;"{""coordinates"": [[[2.272890702162553, 48.80517530968035], [2.272611504014231, 48.80696300703438], [2.275321275484253, 48.807151374313676], [2.275600377569355, 48.80536366914833], [2.272890702162553, 48.80517530968035]]], ""type"": ""Polygon""}";CRS3035RES200mN2884400E3754400;0;CRS3035RES1000mN2884000E3754000;0;CRS3035RES200mN2884400E3754400;859338;358.5;20.0;13.0;101.0;15.0;12862117.8;10210.5;18.0;108.0;91.0;22.0;4.0;7.0;2.0;0.0;13.0;13.5;32.0;38.0;28.0;45.0;100.0;41.0;31.0;16.0;1.0;16.0;126.0;92023;2017;92023;92023;Clamart;Clamart;Métropole du Grand Paris;200054781;Hauts-de-Seine;92;Île-de-France;11
48.81350249389933, 2.2756992776414746;"{""coordinates"": [[[2.274483816903462, 48.812514476157865], [2.274204613257073, 48.81430217222298], [2.276914787798912, 48.81449050494248], [2.277193895345374, 48.812702801065754], [2.274483816903462, 48.812514476157865]]], ""type"": ""Polygon""}";CRS3035RES200mN2885200E3754600;0;CRS3035RES1000mN2885000E3754000;0;CRS3035RES200mN2885200E3754600;859365;296.5;56.0;11.0;84.0;9.0;9191359.3;8006.0;76.0;56.0;109.0;14.0;4.0;5.0;0.0;0.0;8.0;13.0;19.0;16.5;25.0;74.0;58.0;40.0;35.0;8.0;0.0;18.0;132.0;9202392046;2017;92046;92046;Malakoff;Malakoff;Métropole du Grand Paris;200054781;Hauts-de-Seine;92;Île-de-France;11
48.7970364533684, 2.2727921635554114;"{""coordinates"": [[[2.271577135605908, 48.79604840254794], [2.271297968359856, 48.7978361034776], [2.274007240882409, 48.79802449749536], [2.274286312110443, 48.79623678875538], [2.271577135605908, 48.79604840254794]]], ""type"": ""Polygon""}";CRS3035RES200mN2883400E3754200;0;CRS3035RES1000mN2883000E3754000;0;CRS3035RES1000mN2883000E3754000;856292;141.0;14.0;7.0;40.0;5.0;4916810.8;5119.0;25.0;29.0;7.0;19.0;17.0;11.0;0.0;0.0;4.0;6.0;11.0;12.0;17.0;15.0;36.0;20.0;15.0;5.0;0.0;4.0;54.0;9202392020;2017;92023;92023;Clamart;Clamart;Métropole du Grand Paris;200054781;Hauts-de-Seine;92;Île-de-France;11
48.79289561965035, 2.265223338029518;"{""coordinates"": [[[2.264008552786526, 48.7919074874131], [2.263729148315231, 48.79369516945821], [2.266438172638461, 48.79388374519916], [2.266717481116551, 48.792096055337204], [2.264008552786526, 48.7919074874131]]], ""type"": ""Polygon""}";CRS3035RES200mN2883000E3753600;0;CRS3035RES1000mN2883000E3753000;0;CRS3035RES1000mN2883000E3753000;856264;442.0;36.0;5.0;149.0;23.0;14316548.1;12328.0;157.0;22.0;18.0;139.0;8.0;14.0;0.0;0.0;25.5;12.0;25.0;26.5;30.0;88.0;113.0;49.0;56.0;17.0;0.0;8.0;179.0;92023;2017;92023;92023;Clamart;Clamart;Métropole du Grand Paris;200054781;Hauts-de-Seine;92;Île-de-France;11
48.80955033141289, 2.2708377068930803;"{""coordinates"": [[[2.269622431662366, 48.80856226121701], [2.269343086645245, 48.81034994620338], [2.272053031532547, 48.81053839491395], [2.272332280471989, 48.80875070211214], [2.269622431662366, 48.80856226121701]]], ""type"": ""Polygon""}";CRS3035RES200mN2884800E3754200;0;CRS3035RES1000mN2884000E3754000;0;CRS3035RES200mN2884800E3754200;859352;884.0;159.0;13.0;231.0;59.0;26891749.2;25354.7;382.0;34.0;239.0;117.0;28.0;31.0;1.0;38.0;53.0;22.5;51.0;69.0;50.5;241.0;190.0;87.0;79.0;40.0;1.0;34.0;416.0;92023;2017;92023;92023;Clamart;Clamart;Métropole du Grand Paris;200054781;Hauts-de-Seine;92;Île-de-France;11
48.78423442850002, 2.2446724210264115;"{""coordinates"": [[[2.243458235720206, 48.78324607557439], [2.243178165256138, 48.78503370414119], [2.245886655673754, 48.78522277475041], [2.246166630199423, 48.78343513834847], [2.243458235720206, 48.78324607557439]]], ""type"": ""Polygon""}";CRS3035RES200mN2882200E3752000;0;CRS3035RES1000mN2882000E3752000;0;CRS3035RES1000mN2882000E3752000;856221;408.0;71.0;9.0;38.0;27.0;8069165.7;10003.0;160.0;22.0;0.0;140.0;0.0;42.0;0.0;140.0;27.0;12.0;32.0;28.0;25.0;89.0;81.0;37.0;50.0;26.0;1.0;39.0;182.0;92023;2017;92023;92023;Clamart;Clamart;Métropole du Grand Paris;200054781;Hauts-de-Seine;92;Île-de-France;11
48.80343304267998, 2.260837198813182;"{""coordinates"": [[[2.259622259150591, 48.802444864840666], [2.259342606158324, 48.80423252537841], [2.26205218786764, 48.80442121383128], [2.262331744818182, 48.80263354546967], [2.259622259150591, 48.802444864840666]]], ""type"": ""Polygon""}";CRS3035RES200mN2884200E3753400;0;CRS3035RES1000mN2884000E3753000;0;CRS3035RES1000mN2884000E3753000;859272;491.5;62.0;18.0;89.0;35.0;14651954.7;14294.0;140.0;59.0;93.0;15.0;14.0;77.0;0.0;62.0;32.0;12.0;30.5;41.0;47.0;96.0;108.0;62.0;42.0;20.0;1.0;16.0;199.0;92023;2017;92023;92023;Clamart;Clamart;Métropole du Grand Paris;200054781;Hauts-de-Seine;92;Île-de-France;11
48.80813938375094, 2.2765366301798173;"{""coordinates"": [[[2.275321275484253, 48.807151374313676], [2.275042148013762, 48.80893907720354], [2.277752034281412, 48.80912738649044], [2.278031065677563, 48.8073396757912], [2.275321275484253, 48.807151374313676]]], ""type"": ""Polygon""}";CRS3035RES200mN2884600E3754600;0;CRS3035RES1000mN2884000E3754000;0;CRS3035RES200mN2884600E3754600;859339;341.0;32.0;13.0;97.0;10.0;12281765.8;10750.0;26.0;102.0;85.0;13.0;12.0;18.0;0.0;0.0;13.0;8.5;22.5;33.0;32.0;49.0;87.0;52.0;32.0;12.0;0.0;10.0;128.0;9202392020;2017;92023;92023;Clamart;Clamart;Métropole du Grand Paris;200054781;Hauts-de-Seine;92;Île-de-France;11
48.8057864869983, 2.268686554705459;"{""coordinates"": [[[2.267471407536102, 48.80479839334977], [2.267192017269119, 48.80658607507317], [2.269901751273759, 48.806774573953945], [2.270181045482712, 48.8049868844139], [2.267471407536102, 48.80479839334977]]], ""type"": ""Polygon""}";CRS3035RES200mN2884400E3754000;0;CRS3035RES1000mN2884000E3754000;0;CRS3035RES200mN2884400E3754000;859348;577.5;127.0;11.0;204.0;21.0;21411658.3;19405.7;253.0;35.0;94.0;71.0;12.0;111.0;0.0;0.0;21.0;9.0;33.5;43.0;32.0;111.0;125.0;55.0;86.0;61.0;1.0;12.0;288.0;92023;2017;92023;92023;Clamart;Clamart;Métropole du Grand Paris;200054781;Hauts-de-Seine;92;Île-de-France;11
48.78724214585269, 2.235986506621971;"{""coordinates"": [[[2.234772422936012, 48.786253700492594], [2.234492013698178, 48.788041300957055], [2.237200639655346, 48.78823058454182], [2.237480952945569, 48.78644297623276], [2.234772422936012, 48.786253700492594]]], ""type"": ""Polygon""}";CRS3035RES200mN2882600E3751400;0;CRS3035RES1000mN2882000E3751000;0;CRS3035RES1000mN2882000E3751000;856204;1377.0;147.0;70.0;78.0;91.0;27006326.1;34867.0;507.0;8.0;0.0;500.0;0.0;15.0;0.0;426.0;83.0;39.0;106.0;157.0;94.0;260.0;289.0;146.0;156.0;47.0;0.0;80.0;515.0;9202392048;2017;92023;92023;Clamart;Clamart;Métropole du Grand Paris;200054781;Hauts-de-Seine;92;Île-de-France;11
48.810206118950425, 2.254298777162664;"{""coordinates"": [[[2.253083811102171, 48.80921787204614], [2.252803864213337, 48.811005507803245], [2.255513792631136, 48.811194359169065], [2.255793643449351, 48.80940671557983], [2.253083811102171, 48.80921787204614]]], ""type"": ""Polygon""}";CRS3035RES200mN2885000E3753000;0;CRS3035RES1000mN2885000E3753000;0;CRS3035RES200mN2885000E3753000;859317;304.0;18.0;10.0;86.0;7.0;12512693.6;10788.0;37.0;71.0;34.0;21.0;11.0;42.0;0.0;0.0;9.0;4.0;25.0;33.0;32.0;35.0;69.0;36.0;40.0;20.0;1.0;5.0;108.0;9202392048;2017;92048;92048;Meudon;Meudon;Métropole du Grand Paris;200054781;Hauts-de-Seine;92;Île-de-France;11
48.78009170998256, 2.2371077478256924;"{""coordinates"": [[[2.235893805032936, 48.779103275728154], [2.235613497730276, 48.780890885355866], [2.23832173994804, 48.78108013756676], [2.238601951337115, 48.779292520097414], [2.235893805032936, 48.779103275728154]]], ""type"": ""Polygon""}";CRS3035RES200mN2881800E3751400;0;CRS3035RES1000mN2881000E3751000;0;CRS3035RES1000mN2881000E3751000;853193;161.5;16.0;10.0;42.0;2.0;5331336.2;5235.0;13.0;44.0;25.0;16.0;6.0;10.0;0.0;1.0;8.0;6.0;12.0;13.5;11.0;28.0;37.0;18.0;21.0;7.0;0.0;9.0;57.0;92023;2017;92023;92023;Clamart;Clamart;Métropole du Grand Paris;200054781;Hauts-de-Seine;92;Île-de-France;11
48.787155323211174, 2.260643953860463;"{""coordinates"": [[[2.259429389184912, 48.78616714132431], [2.259149868981301, 48.78795481457811], [2.261858567886839, 48.78814349841326], [2.262137992127968, 48.78635581733949], [2.259429389184912, 48.78616714132431]]], ""type"": ""Polygon""}";CRS3035RES200mN2882400E3753200;0;CRS3035RES1000mN2882000E3753000;0;CRS3035RES1000mN2882000E3753000;856236;261.0;14.0;13.0;80.0;8.0;9285052.5;8475.0;2.0;85.0;27.0;35.0;14.0;11.0;0.0;0.0;10.0;7.0;13.5;31.5;21.0;31.0;66.0;29.0;37.0;15.0;0.0;3.0;87.0;9202392060;2017;92023;92023;Clamart;Clamart;Métropole du Grand Paris;200054781;Hauts-de-Seine;92;Île-de-France;11
48.790541944518964, 2.2573761251041287;"{""coordinates"": [[[2.2561615472328, 48.789553728119536], [2.255881880224686, 48.79134138898208], [2.25859075233434, 48.791530154234785], [2.258870323365541, 48.78974248554818], [2.2561615472328, 48.789553728119536]]], ""type"": ""Polygon""}";CRS3035RES200mN2882800E3753000;0;CRS3035RES1000mN2882000E3753000;0;CRS3035RES1000mN2882000E3753000;856238;252.5;14.0;9.0;46.0;16.0;7307189.3;7318.0;43.0;47.0;19.0;53.0;8.0;10.0;0.0;37.0;23.0;13.5;15.0;19.0;11.0;53.0;54.0;38.0;21.0;5.0;0.0;7.0;90.0;92023;2017;92023;92023;Clamart;Clamart;Métropole du Grand Paris;200054781;Hauts-de-Seine;92;Île-de-France;11
48.80042341985205, 2.269524467112525;"{""coordinates"": [[[2.268309425904153, 48.79943533451016], [2.268030111850332, 48.801223023068594], [2.270739557706445, 48.801411498501636], [2.271018775727795, 48.799623802128735], [2.268309425904153, 48.79943533451016]]], ""type"": ""Polygon""}";CRS3035RES200mN2883800E3754000;0;CRS3035RES1000mN2883000E3754000;0;CRS3035RES1000mN2883000E3754000;856305;539.5;61.0;20.0;115.0;34.0;17611639.0;16889.0;170.0;43.0;31.0;10.0;150.0;22.0;0.0;73.0;15.0;15.5;45.0;66.0;49.0;86.0;132.0;79.0;37.0;12.0;3.0;14.0;213.0;92023;2017;92023;92023;Clamart;Clamart;Métropole du Grand Paris;200054781;Hauts-de-Seine;92;Île-de-France;11
48.785643779257555, 2.238975346579042;"{""coordinates"": [[[2.237761240755562, 48.78465536563411], [2.237480952945569, 48.78644297623276], [2.240189501746363, 48.78663218620868], [2.240469693614653, 48.78484456776885], [2.237761240755562, 48.78465536563411]]], ""type"": ""Polygon""}";CRS3035RES200mN2882400E3751600;0;CRS3035RES1000mN2882000E3751000;0;CRS3035RES1000mN2882000E3751000;856187;255.5;19.0;9.0;33.0;12.0;5962620.6;6530.0;54.0;35.0;11.0;65.0;6.0;7.0;0.0;52.0;17.0;8.0;20.5;22.0;23.0;46.0;55.0;29.0;24.0;11.0;0.0;13.0;89.0;92023;2017;92023;92023;Clamart;Clamart;Métropole du Grand Paris;200054781;Hauts-de-Seine;92;Île-de-France;11
48.786588987477415, 2.2525180854321145;"{""coordinates"": [[[2.25130369281237, 48.78560071867664], [2.251023884736883, 48.78738836845467], [2.25373252740007, 48.787577249598094], [2.254012239520855, 48.78578959199213], [2.25130369281237, 48.78560071867664]]], ""type"": ""Polygon""}";CRS3035RES200mN2882400E3752600;1;CRS3035RES1000mN2882000E3752000;0;CRS3035RES1000mN2882000E3752000;856211;12.0;1.2;0.2;0.0;0.2;299171.4;396.2;3.7;0.9;0.0;0.0;3.2;1.4;0.0;0.0;0.5;0.0;0.7;0.7;2.3;1.4;4.8;1.6;0.0;0.0;0.0;0.2;4.6;92023;2017;92023;92023;Clamart;Clamart;Métropole du Grand Paris;200054781;Hauts-de-Seine;92;Île-de-France;11
48.794306013602515, 2.259525861684397;"{""coordinates"": [[[2.258311155884409, 48.79331782063828], [2.258031534012462, 48.79510548475893], [2.26074061685305, 48.79529419988122], [2.261020142728465, 48.793506527937666], [2.258311155884409, 48.79331782063828]]], ""type"": ""Polygon""}";CRS3035RES200mN2883200E3753200;0;CRS3035RES1000mN2883000E3753000;0;CRS3035RES1000mN2883000E3753000;856253;81.0;5.0;2.0;30.0;2.0;3115737.5;3032.0;0.0;32.0;24.0;2.0;1.0;5.0;0.0;0.0;4.0;3.0;3.0;8.0;3.0;7.0;17.0;19.0;9.0;8.0;0.0;1.0;32.0;92023;2017;92023;92023;Clamart;Clamart;Métropole du Grand Paris;200054781;Hauts-de-Seine;92;Île-de-France;11
48.804375642946944, 2.2743851015466867;"{""coordinates"": [[[2.273169874920245, 48.80338761004972], [2.272890702162553, 48.80517530968035], [2.275600377569355, 48.80536366914833], [2.275879454272351, 48.803575961707125], [2.273169874920245, 48.80338761004972]]], ""type"": ""Polygon""}";CRS3035RES200mN2884200E3754400;0;CRS3035RES1000mN2884000E3754000;0;CRS3035RES200mN2884200E3754400;859331;266.5;14.0;9.0;81.0;6.0;10802131.7;9055.0;23.0;67.0;32.0;40.0;6.0;11.0;1.0;0.0;15.0;6.0;14.5;28.0;23.0;34.0;63.0;24.0;37.0;21.0;1.0;3.0;90.0;9202392020;2017;92023;92023;Clamart;Clamart;Métropole du Grand Paris;200054781;Hauts-de-Seine;92;Île-de-France;11
48.79966900743074, 2.258687025660096;"{""coordinates"": [[[2.257472213989355, 48.79868080615301], [2.25719251583161, 48.80046846342707], [2.259901886712907, 48.800657202022364], [2.26018148884856, 48.79886953692324], [2.257472213989355, 48.79868080615301]]], ""type"": ""Polygon""}";CRS3035RES200mN2883800E3753200;1;CRS3035RES1000mN2883000E3753000;0;CRS3035RES1000mN2883000E3753000;856251;1.0;0.1;0.1;0.3;0.0;34987.1;34.8;0.0;0.3;0.2;0.0;0.1;0.0;0.0;0.0;0.0;0.0;0.1;0.1;0.1;0.1;0.3;0.2;0.1;0.0;0.0;0.0;0.3;92023;2017;92023;92023;Clamart;Clamart;Métropole du Grand Paris;200054781;Hauts-de-Seine;92;Île-de-France;11
48.79308415859351, 2.267932323720809;"{""coordinates"": [[[2.266717481116551, 48.792096055337204], [2.266438172638461, 48.79388374519916], [2.269147215691885, 48.79407225515983], [2.269426428174171, 48.792284557483654], [2.266717481116551, 48.792096055337204]]], ""type"": ""Polygon""}";CRS3035RES200mN2883000E3753800;0;CRS3035RES1000mN2883000E3753000;0;CRS3035RES1000mN2883000E3753000;856255;92.0;10.0;1.0;36.0;4.0;3201202.5;2957.0;23.0;18.0;9.0;26.0;4.0;2.0;0.0;0.0;3.0;1.0;4.0;4.0;5.0;11.0;25.0;17.0;12.0;10.0;0.0;1.0;41.0;92023;2017;92023;92023;Clamart;Clamart;Métropole du Grand Paris;200054781;Hauts-de-Seine;92;Île-de-France;11
48.80522070599001, 2.260557581127185;"{""coordinates"": [[[2.259342606158324, 48.80423252537841], [2.259062927732809, 48.8060201836359], [2.261772605492373, 48.8062088799134], [2.26205218786764, 48.80442121383128], [2.259342606158324, 48.80423252537841]]], ""type"": ""Polygon""}";CRS3035RES200mN2884400E3753400;0;CRS3035RES1000mN2884000E3753000;0;CRS3035RES1000mN2884000E3753000;859269;287.5;34.0;7.0;83.0;9.0;12262907.7;10453.0;58.0;55.0;63.0;25.0;7.0;18.0;0.0;0.0;9.0;8.5;23.0;31.0;25.0;37.0;71.0;39.0;27.0;17.0;0.0;4.0;113.0;92023;2017;92023;92023;Clamart;Clamart;Métropole du Grand Paris;200054781;Hauts-de-Seine;92;Île-de-France;11
48.79411726950183, 2.2568168362170002;"{""coordinates"": [[[2.255602187789335, 48.793129047560754], [2.255322469923446, 48.79491670385585], [2.258031534012462, 48.79510548475893], [2.258311155884409, 48.79331782063828], [2.255602187789335, 48.793129047560754]]], ""type"": ""Polygon""}";CRS3035RES200mN2883200E3753000;0;CRS3035RES1000mN2883000E3753000;0;CRS3035RES1000mN2883000E3753000;856261;277.0;20.0;10.0;70.0;12.0;10003652.5;10320.0;11.0;90.0;36.0;9.0;39.0;17.0;0.0;24.0;5.0;5.0;13.5;37.5;27.0;31.0;65.0;40.0;41.0;11.0;1.0;1.0;101.0;92023;2017;92023;92023;Clamart;Clamart;Métropole du Grand Paris;200054781;Hauts-de-Seine;92;Île-de-France;11
48.80860728485455, 2.257288456990204;"{""coordinates"": [[[2.25607346881592, 48.807619069710555], [2.255793643449351, 48.80940671557983], [2.258503494568886, 48.809595493311484], [2.258783223870762, 48.807807839613524], [2.25607346881592, 48.807619069710555]]], ""type"": ""Polygon""}";CRS3035RES200mN2884800E3753200;0;CRS3035RES1000mN2884000E3753000;0;CRS3035RES1000mN2884000E3753000;859268;330.0;23.0;23.0;92.0;6.0;12490574.1;10424.7;23.0;89.0;71.0;19.0;8.0;12.0;2.0;0.0;6.0;10.0;25.0;40.0;35.0;50.0;78.0;43.0;27.0;16.0;0.0;4.0;112.0;92023;2017;92023;92023;Clamart;Clamart;Métropole du Grand Paris;200054781;Hauts-de-Seine;92;Île-de-France;11
48.79506033219975, 2.2703621509628227;"{""coordinates"": [[[2.269147215691885, 48.79407225515983], [2.268867977821642, 48.79585995055607], [2.271577135605908, 48.79604840254794], [2.271856277469242, 48.7942606993394], [2.269147215691885, 48.79407225515983]]], ""type"": ""Polygon""}";CRS3035RES200mN2883200E3754000;0;CRS3035RES1000mN2883000E3754000;0;CRS3035RES1000mN2883000E3754000;856291;54.0;2.0;1.0;14.0;2.0;1809624.0;1882.0;5.0;15.0;10.0;6.0;4.0;0.0;0.0;0.0;1.0;1.0;2.0;1.0;10.0;3.0;12.0;16.0;7.0;1.0;0.0;0.0;20.0;9202392020;2017;92023;92023;Clamart;Clamart;Métropole du Grand Paris;200054781;Hauts-de-Seine;92;Île-de-France;11
48.78913165409303, 2.263073225193405;"{""coordinates"": [[[2.261858567886839, 48.78814349841326], [2.261579118242068, 48.789931177204004], [2.264287931856123, 48.79011980308629], [2.26456728552731, 48.78833211647749], [2.261858567886839, 48.78814349841326]]], ""type"": ""Polygon""}";CRS3035RES200mN2882600E3753400;0;CRS3035RES1000mN2882000E3753000;0;CRS3035RES1000mN2882000E3753000;856248;668.5;72.0;21.0;160.0;35.0;17291311.6;17522.0;209.0;56.0;24.0;156.0;6.0;79.0;0.0;70.0;44.0;30.0;53.0;47.5;37.0;172.0;136.0;64.0;52.0;31.0;2.0;27.0;265.0;9202392060;2017;92023;92023;Clamart;Clamart;Métropole du Grand Paris;200054781;Hauts-de-Seine;92;Île-de-France;11
48.810583682243106, 2.2597185754722395;"{""coordinates"": [[[2.258503494568886, 48.809595493311484], [2.258223739823888, 48.811383144730186], [2.260933705785331, 48.81157186448591], [2.26121336445451, 48.80978420524044], [2.258503494568886, 48.809595493311484]]], ""type"": ""Polygon""}";CRS3035RES200mN2885000E3753400;0;CRS3035RES1000mN2885000E3753000;0;CRS3035RES200mN2885000E3753400;859316;266.0;24.0;9.0;92.0;12.0;9200967.7;9385.0;49.0;56.0;37.0;40.0;5.0;23.0;0.0;0.0;9.0;7.0;14.0;16.0;19.0;44.0;53.0;43.0;40.0;21.0;0.0;7.0;105.0;92023;2017;92023;92023;Clamart;Clamart;Métropole du Grand Paris;200054781;Hauts-de-Seine;92;Île-de-France;11
48.80418725448558, 2.271675483529863;"{""coordinates"": [[[2.27046031429251, 48.80319919259658], [2.270181045482712, 48.8049868844139], [2.272890702162553, 48.80517530968035], [2.273169874920245, 48.80338761004972], [2.27046031429251, 48.80319919259658]]], ""type"": ""Polygon""}";CRS3035RES200mN2884200E3754200;0;CRS3035RES1000mN2884000E3754000;0;CRS3035RES200mN2884200E3754200;859329;235.5;17.0;11.0;76.0;4.0;10317402.0;8525.0;8.0;75.0;56.0;13.0;8.0;6.0;0.0;0.0;2.0;7.0;14.0;34.5;17.0;19.0;56.0;29.0;42.0;15.0;0.0;0.0;83.0;92023;2017;92023;92023;Clamart;Clamart;Métropole du Grand Paris;200054781;Hauts-de-Seine;92;Île-de-France;11
48.78837664002689, 2.252238312617161;"{""coordinates"": [[[2.251023884736883, 48.78738836845467], [2.250744051223715, 48.78917601594674], [2.253452789850106, 48.78936490491882], [2.25373252740007, 48.787577249598094], [2.251023884736883, 48.78738836845467]]], ""type"": ""Polygon""}";CRS3035RES200mN2882600E3752600;1;CRS3035RES1000mN2882000E3752000;0;CRS3035RES1000mN2882000E3752000;856211;1.0;0.1;0.0;0.0;0.0;24930.9;33.0;0.3;0.1;0.0;0.0;0.3;0.1;0.0;0.0;0.0;0.0;0.1;0.1;0.2;0.1;0.4;0.1;0.0;0.0;0.0;0.0;0.4;92023;2017;92023;92023;Clamart;Clamart;Métropole du Grand Paris;200054781;Hauts-de-Seine;92;Île-de-France;11
48.81274865216012, 2.264858921575945;"{""coordinates"": [[[2.263643690509198, 48.81176051843552], [2.263364102489069, 48.81354818322765], [2.266074202058623, 48.813736779192645], [2.266353693989211, 48.81194910657824], [2.263643690509198, 48.81176051843552]]], ""type"": ""Polygon""}";CRS3035RES200mN2885200E3753800;0;CRS3035RES1000mN2885000E3753000;0;CRS3035RES200mN2885200E3753800;859310;246.0;16.0;10.0;54.0;11.0;9569747.0;7979.0;28.0;58.0;78.0;4.0;0.0;4.0;0.0;0.0;11.0;9.0;17.5;29.5;24.0;35.0;53.0;25.0;28.0;14.0;0.0;4.0;86.0;9202392040;2017;92023;92023;Clamart;Clamart;Métropole du Grand Paris;200054781;Hauts-de-Seine;92;Île-de-France;11
48.79251834442889, 2.2598054228492948;"{""coordinates"": [[[2.25859075233434, 48.791530154234785], [2.258311155884409, 48.79331782063828], [2.261020142728465, 48.793506527937666], [2.261299643190373, 48.791718853712034], [2.25859075233434, 48.791530154234785]]], ""type"": ""Polygon""}";CRS3035RES200mN2883000E3753200;0;CRS3035RES1000mN2883000E3753000;0;CRS3035RES1000mN2883000E3753000;856259;170.0;19.0;3.0;51.0;8.0;5506813.1;5896.7;19.0;52.0;40.0;18.0;7.0;6.0;0.0;0.0;6.0;3.0;7.5;12.5;19.0;27.0;35.0;27.0;23.0;10.0;0.0;7.0;71.0;92023;2017;92023;92023;Clamart;Clamart;Métropole du Grand Paris;200054781;Hauts-de-Seine;92;Île-de-France;11
48.80841847813678, 2.2545786632883393;"{""coordinates"": [[[2.253363732530838, 48.80743023400827], [2.253083811102171, 48.80921787204614], [2.255793643449351, 48.80940671557983], [2.25607346881592, 48.807619069710555], [2.253363732530838, 48.80743023400827]]], ""type"": ""Polygon""}";CRS3035RES200mN2884800E3753000;0;CRS3035RES1000mN2884000E3753000;0;CRS3035RES1000mN2884000E3753000;859263;253.0;29.0;12.0;82.0;11.0;8983146.4;8993.0;29.0;70.0;61.0;12.0;7.0;19.0;0.0;0.0;20.0;5.0;16.0;16.5;28.5;36.0;61.0;28.0;30.0;12.0;0.0;8.0;99.0;92023;2017;92023;92023;Clamart;Clamart;Métropole du Grand Paris;200054781;Hauts-de-Seine;92;Île-de-France;11
48.79195193826983, 2.25167869067874;"{""coordinates"": [[[2.250464192269572, 48.79096366115317], [2.250184307871161, 48.792751304074265], [2.252893238449498, 48.79294020870583], [2.25317302686768, 48.79115255795462], [2.250464192269572, 48.79096366115317]]], ""type"": ""Polygon""}";CRS3035RES200mN2883000E3752600;0;CRS3035RES1000mN2883000E3752000;0;CRS3035RES200mN2883000E3752600;856207;49.0;5.0;3.0;8.0;5.0;1129647.3;1230.0;11.0;8.0;6.0;6.0;5.0;2.0;0.0;1.0;1.0;0.0;8.0;7.0;4.0;10.0;12.0;4.0;3.0;0.0;0.0;1.0;19.0;92023;2017;92023;92023;Clamart;Clamart;Métropole du Grand Paris;200054781;Hauts-de-Seine;92;Île-de-France;11
48.79091933565191, 2.2627938108339887;"{""coordinates"": [[[2.261579118242068, 48.789931177204004], [2.261299643190373, 48.791718853712034], [2.264008552786526, 48.7919074874131], [2.264287931856123, 48.79011980308629], [2.261579118242068, 48.789931177204004]]], ""type"": ""Polygon""}";CRS3035RES200mN2882800E3753400;0;CRS3035RES1000mN2882000E3753000;0;CRS3035RES1000mN2882000E3753000;856242;260.5;33.0;9.0;22.0;13.0;6415580.0;7113.0;80.0;24.0;17.0;9.0;5.0;73.0;0.0;70.0;21.0;6.0;23.0;19.5;20.0;70.0;51.0;21.0;25.0;4.0;0.0;14.0;104.0;92023;2017;92023;92023;Clamart;Clamart;Métropole du Grand Paris;200054781;Hauts-de-Seine;92;Île-de-France;11
48.803244325242204, 2.258127674503016;"{""coordinates"": [[[2.256912792238692, 48.80225611841954], [2.256633043207297, 48.80404377113072], [2.259342606158324, 48.80423252537841], [2.259622259150591, 48.802444864840666], [2.256912792238692, 48.80225611841954]]], ""type"": ""Polygon""}";CRS3035RES200mN2884200E3753200;0;CRS3035RES1000mN2884000E3753000;0;CRS3035RES1000mN2884000E3753000;859262;210.0;41.0;4.0;53.0;10.0;6625191.7;6727.0;54.0;41.0;30.0;10.0;3.0;52.0;0.0;24.0;12.0;4.0;10.5;18.5;20.0;34.0;49.0;30.0;21.0;11.0;0.0;8.0;95.0;92023;2017;92023;92023;Clamart;Clamart;Métropole du Grand Paris;200054781;Hauts-de-Seine;92;Île-de-France;11
48.802399557622714, 2.2719546916179016;"{""coordinates"": [[[2.270739557706445, 48.801411498501636], [2.27046031429251, 48.80319919259658], [2.273169874920245, 48.80338761004972], [2.273449022290595, 48.80159990814225], [2.270739557706445, 48.801411498501636]]], ""type"": ""Polygon""}";CRS3035RES200mN2884000E3754200;0;CRS3035RES1000mN2884000E3754000;0;CRS3035RES200mN2884000E3754200;859334;296.0;30.0;13.0;86.0;9.0;10907832.0;9170.0;45.0;65.0;52.0;35.0;13.0;10.0;0.0;0.0;14.0;8.5;20.0;31.5;24.0;57.0;55.0;49.0;18.0;19.0;0.0;10.0;110.0;9202392020;2017;92023;92023;Clamart;Clamart;Métropole du Grand Paris;200054781;Hauts-de-Seine;92;Île-de-France;11
48.808984700886185, 2.262708100691458;"{""coordinates"": [[[2.261492997689096, 48.80799654371634], [2.26121336445451, 48.80978420524044], [2.263923253099962, 48.80997285136588], [2.264202790264653, 48.808185182018384], [2.261492997689096, 48.80799654371634]]], ""type"": ""Polygon""}";CRS3035RES200mN2884800E3753600;0;CRS3035RES1000mN2884000E3753000;0;CRS3035RES1000mN2884000E3753000;859260;273.5;12.0;17.0;79.0;5.0;12200694.9;9496.5;10.0;75.0;61.0;6.0;7.0;10.0;1.0;0.0;15.0;5.0;16.0;27.5;43.0;34.0;63.0;39.0;17.0;13.0;1.0;4.0;85.0;92023;2017;92023;92023;Clamart;Clamart;Métropole du Grand Paris;200054781;Hauts-de-Seine;92;Île-de-France;11
48.80305554201133, 2.2554181689529638;"{""coordinates"": [[[2.254203344088756, 48.80206730620702], [2.253923499020831, 48.803854951089036], [2.256633043207297, 48.80404377113072], [2.256912792238692, 48.80225611841954], [2.254203344088756, 48.80206730620702]]], ""type"": ""Polygon""}";CRS3035RES200mN2884200E3753000;1;CRS3035RES1000mN2884000E3753000;0;CRS3035RES1000mN2884000E3753000;859257;25.0;1.1;1.3;5.4;0.7;1036326.5;845.4;2.1;5.9;4.6;0.7;0.7;2.0;0.0;0.0;0.9;0.6;1.7;2.3;3.9;4.0;5.4;2.7;2.4;1.1;0.0;0.6;8.0;92023;2017;92023;92023;Clamart;Clamart;Métropole du Grand Paris;200054781;Hauts-de-Seine;92;Île-de-France;11
48.779334190792724, 2.2262751211318803;"{""coordinates"": [[[2.225061407749683, 48.77834564072895], [2.224780716818691, 48.78013321896362], [2.227488883840163, 48.780322734192524], [2.227769478867978, 48.77853514810561], [2.225061407749683, 48.77834564072895]]], ""type"": ""Polygon""}";CRS3035RES200mN2881800E3750600;0;CRS3035RES1000mN2881000E3750000;0;CRS3035RES1000mN2881000E3750000;853187;341.0;33.0;16.0;108.0;11.0;10814490.1;11258.0;26.0;105.0;60.0;29.0;23.0;19.0;0.0;0.0;10.0;9.0;15.5;30.5;31.0;52.0;76.0;48.0;43.0;26.0;0.0;8.0;131.0;92023;2017;92023;92023;Clamart;Clamart;Métropole du Grand Paris;200054781;Hauts-de-Seine;92;Île-de-France;11
48.791296463683885, 2.268211571506634;"{""coordinates"": [[[2.266996764201452, 48.79030836319431], [2.266717481116551, 48.792096055337204], [2.269426428174171, 48.792284557483654], [2.269705615271788, 48.79049685752728], [2.266996764201452, 48.79030836319431]]], ""type"": ""Polygon""}";CRS3035RES200mN2882800E3753800;0;CRS3035RES1000mN2882000E3753000;0;CRS3035RES1000mN2882000E3753000;856241;311.5;25.0;19.0;2.0;22.0;5881493.8;7283.0;101.0;1.0;1.0;24.0;0.0;77.0;0.0;100.0;28.0;18.5;35.0;39.0;25.0;76.0;58.0;21.0;6.0;3.0;2.0;15.0;102.0;92023;2017;92023;92023;Clamart;Clamart;Métropole du Grand Paris;200054781;Hauts-de-Seine;92;Île-de-France;11
48.81039493349863, 2.2570086669321934;"{""coordinates"": [[[2.255793643449351, 48.80940671557983], [2.255513792631136, 48.811194359169065], [2.258223739823888, 48.811383144730186], [2.258503494568886, 48.809595493311484], [2.255793643449351, 48.80940671557983]]], ""type"": ""Polygon""}";CRS3035RES200mN2885000E3753200;0;CRS3035RES1000mN2885000E3753000;0;CRS3035RES200mN2885000E3753200;859320;395.0;48.0;9.0;126.0;16.0;13413184.0;13005.0;102.0;62.0;62.0;12.0;63.0;27.0;0.0;8.0;21.0;8.0;26.5;26.5;30.0;81.0;82.0;44.0;55.0;21.0;0.0;8.0;164.0;92023;2017;92023;92023;Clamart;Clamart;Métropole du Grand Paris;200054781;Hauts-de-Seine;92;Île-de-France;11
48.80164537708995, 2.2611167910718426;"{""coordinates"": [[[2.259901886712907, 48.800657202022364], [2.259622259150591, 48.802444864840666], [2.262331744818182, 48.80263354546967], [2.262611276347299, 48.80084587482824], [2.259901886712907, 48.800657202022364]]], ""type"": ""Polygon""}";CRS3035RES200mN2884000E3753400;0;CRS3035RES1000mN2884000E3753000;0;CRS3035RES1000mN2884000E3753000;859273;575.5;60.0;13.0;82.0;45.0;16409518.0;16372.0;187.0;46.0;46.0;30.0;54.0;103.0;0.0;116.0;27.0;14.0;41.5;55.0;55.0;107.0;151.0;63.0;38.0;23.0;1.0;16.0;233.0;92023;2017;92023;92023;Clamart;Clamart;Métropole du Grand Paris;200054781;Hauts-de-Seine;92;Île-de-France;11
48.78799873837294, 2.2468209688528176;"{""coordinates"": [[[2.24560665569667, 48.78701040886466], [2.245326630264884, 48.78879804069149], [2.248035331359889, 48.78898706120405], [2.248315260833664, 48.787199421543264], [2.24560665569667, 48.78701040886466]]], ""type"": ""Polygon""}";CRS3035RES200mN2882600E3752200;0;CRS3035RES1000mN2882000E3752000;0;CRS3035RES1000mN2882000E3752000;856215;133.5;9.0;6.0;0.0;10.0;2270003.1;2741.0;47.0;0.0;0.0;47.0;0.0;0.0;0.0;47.0;11.5;2.0;8.0;20.0;8.0;22.0;29.0;14.0;16.0;3.0;0.0;8.0;47.0;92023;2017;92023;92023;Clamart;Clamart;Métropole du Grand Paris;200054781;Hauts-de-Seine;92;Île-de-France;11
48.81171479279102, 2.2759784205425038;"{""coordinates"": [[[2.27476299515459, 48.81072677781815], [2.274483816903462, 48.812514476157865], [2.277193895345374, 48.812702801065754], [2.277472977505111, 48.81091509491517], [2.27476299515459, 48.81072677781815]]], ""type"": ""Polygon""}";CRS3035RES200mN2885000E3754600;0;CRS3035RES1000mN2885000E3754000;0;CRS3035RES200mN2885000E3754600;859361;313.0;37.0;16.0;95.0;11.0;12222594.0;11434.0;26.0;94.0;83.0;24.0;3.0;10.0;0.0;0.0;16.0;12.0;16.0;25.0;39.0;47.0;58.0;44.0;35.0;21.0;0.0;4.0;120.0;9202392046;2017;92023;92023;Clamart;Clamart;Métropole du Grand Paris;200054781;Hauts-de-Seine;92;Île-de-France;11
48.80700836702033, 2.2602779380105518;"{""coordinates"": [[[2.259062927732809, 48.8060201836359], [2.258783223870762, 48.807807839613524], [2.261492997689096, 48.80799654371634], [2.261772605492373, 48.8062088799134], [2.259062927732809, 48.8060201836359]]], ""type"": ""Polygon""}";CRS3035RES200mN2884600E3753400;1;CRS3035RES1000mN2884000E3753000;0;CRS3035RES1000mN2884000E3753000;859257;149.0;6.8;7.7;32.4;4.3;6176506.2;5038.8;12.8;34.9;27.2;4.3;4.3;11.9;0.0;0.0;5.1;3.4;10.2;13.6;23.0;23.8;32.4;16.2;14.5;6.8;0.0;3.4;47.7;92023;2017;92023;92023;Clamart;Clamart;Métropole du Grand Paris;200054781;Hauts-de-Seine;92;Île-de-France;11
48.81575786575506, 2.256169144050769;"{""coordinates"": [[[2.254954014626582, 48.81476963950869], [2.254674087433654, 48.81655727625972], [2.257384322897221, 48.816746085313625], [2.257664153991352, 48.81495844073096], [2.254954014626582, 48.81476963950869]]], ""type"": ""Polygon""}";CRS3035RES200mN2885600E3753200;0;CRS3035RES1000mN2885000E3753000;0;CRS3035RES200mN2885600E3753200;859319;362.5;54.0;13.0;114.0;7.0;12887938.9;11131.7;110.0;43.0;41.0;5.0;2.0;104.0;1.0;0.0;21.5;7.0;19.0;35.0;24.0;72.0;83.0;56.0;31.0;14.0;0.0;10.0;153.0;9202392040;2017;92023;92023;Clamart;Clamart;Métropole du Grand Paris;200054781;Hauts-de-Seine;92;Île-de-France;11
48.781311258085, 2.228702689780464;"{""coordinates"": [[[2.227488883840163, 48.780322734192524], [2.227208263307991, 48.78211031798597], [2.229916545052198, 48.782299775311735], [2.230197069670085, 48.780512183668016], [2.227488883840163, 48.780322734192524]]], ""type"": ""Polygon""}";CRS3035RES200mN2882000E3750800;0;CRS3035RES1000mN2882000E3750000;0;CRS3035RES1000mN2882000E3750000;856181;939.0;148.0;48.0;7.0;70.0;16385792.8;23002.0;386.0;6.0;2.0;386.0;2.0;2.0;0.0;385.0;61.0;30.0;68.0;82.0;63.0;154.0;184.0;123.0;120.0;53.0;1.0;90.0;392.0;9202392048;2017;92023;92023;Clamart;Clamart;Métropole du Grand Paris;200054781;Hauts-de-Seine;92;Île-de-France;11
48.78112177180688, 2.22599446539807;"{""coordinates"": [[[2.224780716818691, 48.78013321896362], [2.224500000374832, 48.781920794904075], [2.227208263307991, 48.78211031798597], [2.227488883840163, 48.780322734192524], [2.224780716818691, 48.78013321896362]]], ""type"": ""Polygon""}";CRS3035RES200mN2882000E3750600;0;CRS3035RES1000mN2882000E3750000;0;CRS3035RES1000mN2882000E3750000;856178;208.0;45.0;5.0;76.0;5.0;5718324.3;6876.0;47.0;51.0;40.0;45.0;9.0;4.0;0.0;0.0;12.0;2.0;10.0;11.0;15.0;46.0;41.0;29.0;28.0;13.0;1.0;14.0;98.0;920237864092048;2017;92023;92023;Clamart;Clamart;Métropole du Grand Paris;200054781;Hauts-de-Seine;92;Île-de-France;11
48.783666932498505, 2.2365471781829065;"{""coordinates"": [[[2.235333164948766, 48.78267849269229], [2.235052806685111, 48.78446609773776], [2.237761240755562, 48.78465536563411], [2.238041503088623, 48.782867752745574], [2.235333164948766, 48.78267849269229]]], ""type"": ""Polygon""}";CRS3035RES200mN2882200E3751400;0;CRS3035RES1000mN2882000E3751000;0;CRS3035RES1000mN2882000E3751000;856197;735.5;84.0;18.0;230.0;36.0;18372325.1;20206.0;279.0;29.0;9.0;287.0;8.0;4.0;0.0;0.0;41.0;25.0;48.0;55.5;49.0;177.0;147.0;81.0;71.0;39.0;2.0;24.0;308.0;92023;2017;92023;92023;Clamart;Clamart;Métropole du Grand Paris;200054781;Hauts-de-Seine;92;Île-de-France;11
48.78621110148535, 2.2471009335804717;"{""coordinates"": [[[2.245886655673754, 48.78522277475041], [2.24560665569667, 48.78701040886466], [2.248315260833664, 48.787199421543264], [2.248595164861246, 48.78541177959583], [2.245886655673754, 48.78522277475041]]], ""type"": ""Polygon""}";CRS3035RES200mN2882400E3752200;0;CRS3035RES1000mN2882000E3752000;0;CRS3035RES1000mN2882000E3752000;856223;651.0;73.0;33.0;0.0;44.0;10940274.5;14423.0;252.0;1.0;0.0;244.0;0.0;9.0;0.0;253.0;27.0;24.0;44.5;59.5;43.0;109.0;137.0;89.0;79.0;39.0;0.0;62.0;253.0;92023;2017;92023;92023;Clamart;Clamart;Métropole du Grand Paris;200054781;Hauts-de-Seine;92;Île-de-France;11
48.804087367488385, 2.2443001405642566;"{""coordinates"": [[[2.243085510045888, 48.80309901299636], [2.242805255373491, 48.80488662425043], [2.245514820473708, 48.80507571530154], [2.24579497911146, 48.80328809620693], [2.243085510045888, 48.80309901299636]]], ""type"": ""Polygon""}";CRS3035RES200mN2884400E3752200;0;CRS3035RES1000mN2884000E3752000;0;CRS3035RES1000mN2884000E3752000;859253;305.0;41.0;11.0;44.0;19.0;9292069.3;9323.0;94.0;27.0;15.0;78.0;19.0;9.0;0.0;69.0;9.0;5.0;20.5;45.5;32.0;31.0;84.0;39.0;23.0;16.0;0.0;16.0;121.0;9202392048;2017;92023;92023;Clamart;Clamart;Métropole du Grand Paris;200054781;Hauts-de-Seine;92;Île-de-France;11
48.803621694323944, 2.2635467418772217;"{""coordinates"": [[[2.262331744818182, 48.80263354546967], [2.26205218786764, 48.80442121383128], [2.264761788328989, 48.804609836488666], [2.265041249235214, 48.8028221603058], [2.262331744818182, 48.80263354546967]]], ""type"": ""Polygon""}";CRS3035RES200mN2884200E3753600;0;CRS3035RES1000mN2884000E3753000;0;CRS3035RES1000mN2884000E3753000;859274;522.0;132.0;10.0;124.0;25.0;15070527.1;16667.0;237.0;27.0;47.0;109.0;99.0;9.0;0.0;85.0;17.0;13.0;37.5;28.5;30.0;72.0;109.0;63.0;81.0;70.0;1.0;22.0;264.0;92023;2017;92023;92023;Clamart;Clamart;Métropole du Grand Paris;200054781;Hauts-de-Seine;92;Île-de-France;11
48.809173310198595, 2.265417950678303;"{""coordinates"": [[[2.264202790264653, 48.808185182018384], [2.263923253099962, 48.80997285136588], [2.26663316049896, 48.810161431687085], [2.266912601591167, 48.80837375451884], [2.264202790264653, 48.808185182018384]]], ""type"": ""Polygon""}";CRS3035RES200mN2884800E3753800;0;CRS3035RES1000mN2884000E3753000;0;CRS3035RES1000mN2884000E3753000;859264;243.0;35.0;9.0;70.0;9.0;8840732.8;8205.0;50.0;50.0;72.0;20.0;3.0;5.0;0.0;1.0;16.0;5.0;13.0;22.0;19.0;51.0;45.0;27.0;28.0;17.0;0.0;10.0;100.0;92023;2017;92023;92023;Clamart;Clamart;Métropole du Grand Paris;200054781;Hauts-de-Seine;92;Île-de-France;11
48.79665954157183, 2.2673737519741586;"{""coordinates"": [[[2.2661588387639, 48.79567143278052], [2.265879479489584, 48.797459118081534], [2.268588714560159, 48.79764764367276], [2.268867977821642, 48.79585995055607], [2.2661588387639, 48.79567143278052]]], ""type"": ""Polygon""}";CRS3035RES200mN2883400E3753800;0;CRS3035RES1000mN2883000E3753000;0;CRS3035RES1000mN2883000E3753000;856265;472.0;75.0;11.0;169.0;19.0;15765182.2;14720.0;148.0;62.0;62.0;127.0;5.0;16.0;0.0;0.0;23.0;14.0;20.5;32.5;35.0;81.0;98.0;60.0;68.0;39.0;1.0;9.0;210.0;92023;2017;92023;92023;Clamart;Clamart;Métropole du Grand Paris;200054781;Hauts-de-Seine;92;Île-de-France;11
48.777925482887426, 2.231971835307029;"{""coordinates"": [[[2.230758042421586, 48.77693699350199], [2.230477568792114, 48.778724589731524], [2.233185677515857, 48.77891396560595], [2.233466055245442, 48.7771263615302], [2.230758042421586, 48.77693699350199]]], ""type"": ""Polygon""}";CRS3035RES200mN2881600E3751000;0;CRS3035RES1000mN2881000E3751000;0;CRS3035RES1000mN2881000E3751000;853196;223.5;22.0;4.0;68.0;8.0;7130735.7;7276.0;65.0;26.0;11.0;26.0;52.0;2.0;0.0;0.0;13.0;5.0;20.5;15.0;9.0;26.0;46.0;31.0;50.0;8.0;0.0;5.0;91.0;92023;2017;92023;92023;Clamart;Clamart;Métropole du Grand Paris;200054781;Hauts-de-Seine;92;Île-de-France;11
48.79487185122272, 2.2676530505444026;"{""coordinates"": [[[2.266438172638461, 48.79388374519916], [2.2661588387639, 48.79567143278052], [2.268867977821642, 48.79585995055607], [2.269147215691885, 48.79407225515983], [2.266438172638461, 48.79388374519916]]], ""type"": ""Polygon""}";CRS3035RES200mN2883200E3753800;0;CRS3035RES1000mN2883000E3753000;0;CRS3035RES1000mN2883000E3753000;856266;477.5;98.0;16.0;94.0;17.0;12338103.0;11619.0;183.0;41.0;16.0;137.0;33.0;38.0;0.0;94.0;17.0;12.0;23.0;38.5;27.0;76.0;92.0;75.0;99.0;18.0;0.0;65.0;224.0;92023;2017;92023;92023;Clamart;Clamart;Métropole du Grand Paris;200054781;Hauts-de-Seine;92;Île-de-France;11
48.80559795912657, 2.2659768781000196;"{""coordinates"": [[[2.264761788328989, 48.804609836488666], [2.264482302006565, 48.80639751039274], [2.267192017269119, 48.80658607507317], [2.267471407536102, 48.80479839334977], [2.264761788328989, 48.804609836488666]]], ""type"": ""Polygon""}";CRS3035RES200mN2884400E3753800;0;CRS3035RES1000mN2884000E3753000;0;CRS3035RES1000mN2884000E3753000;859275;532.5;133.0;9.0;204.0;15.0;18893961.0;20580.0;227.0;49.0;55.0;101.0;95.0;25.0;0.0;0.0;22.0;7.0;32.5;33.0;25.0;88.0;106.0;61.0;101.0;57.0;0.0;11.0;276.0;92023;2017;92023;92023;Clamart;Clamart;Métropole du Grand Paris;200054781;Hauts-de-Seine;92;Île-de-France;11
48.80936185370774, 2.2681278194142687;"{""coordinates"": [[[2.266912601591167, 48.80837375451884], [2.26663316049896, 48.810161431687085], [2.269343086645245, 48.81034994620338], [2.269622431662366, 48.80856226121701], [2.266912601591167, 48.80837375451884]]], ""type"": ""Polygon""}";CRS3035RES200mN2884800E3754000;0;CRS3035RES1000mN2884000E3754000;0;CRS3035RES200mN2884800E3754000;859349;567.5;144.0;19.0;166.0;17.0;19616105.8;18366.0;251.0;37.0;77.0;33.0;149.0;29.0;0.0;0.0;27.0;10.5;31.0;35.0;32.0;132.0;128.0;64.0;61.0;47.0;0.0;20.0;288.0;92023;2017;92023;92023;Clamart;Clamart;Métropole du Grand Paris;200054781;Hauts-de-Seine;92;Île-de-France;11
48.81114953364696, 2.267848413652861;"{""coordinates"": [[[2.26663316049896, 48.810161431687085], [2.266353693989211, 48.81194910657824], [2.269063716219104, 48.81213762891338], [2.269343086645245, 48.81034994620338], [2.26663316049896, 48.810161431687085]]], ""type"": ""Polygon""}";CRS3035RES200mN2885000E3754000;0;CRS3035RES1000mN2885000E3754000;0;CRS3035RES200mN2885000E3754000;859362;348.5;29.0;19.0;102.0;9.0;13586114.3;12455.0;58.0;70.0;95.0;24.0;7.0;2.0;0.0;0.0;15.0;10.0;23.0;28.0;39.5;49.0;79.0;44.0;42.0;19.0;0.0;4.0;128.0;92023;2017;92023;92023;Clamart;Clamart;Métropole du Grand Paris;200054781;Hauts-de-Seine;92;Île-de-France;11
48.79647098699618, 2.264664574276828;"{""coordinates"": [[[2.263449718438948, 48.795482849222], [2.263170263154391, 48.79727052670469], [2.265879479489584, 48.797459118081534], [2.2661588387639, 48.79567143278052], [2.263449718438948, 48.795482849222]]], ""type"": ""Polygon""}";CRS3035RES200mN2883400E3753600;0;CRS3035RES1000mN2883000E3753000;0;CRS3035RES1000mN2883000E3753000;856258;160.0;13.0;9.0;50.0;2.0;6839847.8;6669.0;19.0;40.0;24.0;5.0;23.0;7.0;0.0;0.0;8.0;2.0;9.0;20.0;14.0;19.0;32.0;20.0;26.0;10.0;0.0;2.0;59.0;92023;2017;92023;92023;Clamart;Clamart;Métropole du Grand Paris;200054781;Hauts-de-Seine;92;Île-de-France;11
48.808229605618706, 2.2518688883606544;"{""coordinates"": [[[2.250654015021778, 48.80724133250734], [2.250373997533623, 48.80902896271118], [2.253083811102171, 48.80921787204614], [2.253363732530838, 48.80743023400827], [2.250654015021778, 48.80724133250734]]], ""type"": ""Polygon""}";CRS3035RES200mN2884800E3752800;0;CRS3035RES1000mN2884000E3752000;0;CRS3035RES1000mN2884000E3752000;859252;285.0;37.0;9.0;90.0;10.0;10767718.8;9781.0;77.0;40.0;27.0;41.0;25.0;24.0;0.0;0.0;13.0;4.5;17.5;18.0;31.0;30.0;69.0;38.0;39.0;24.0;1.0;9.0;117.0;9202392048;2017;92023;92023;Clamart;Clamart;Métropole du Grand Paris;200054781;Hauts-de-Seine;92;Île-de-France;11
48.78950876649352, 2.2684907939051686;"{""coordinates"": [[[2.267276021896457, 48.788520668770126], [2.266996764201452, 48.79030836319431], [2.269705615271788, 48.79049685752728], [2.269984776988023, 48.78870915529039], [2.267276021896457, 48.788520668770126]]], ""type"": ""Polygon""}";CRS3035RES200mN2882600E3753800;0;CRS3035RES1000mN2882000E3753000;0;CRS3035RES1000mN2882000E3753000;856235;171.5;25.0;7.0;50.0;7.0;4813323.0;5373.0;66.0;9.0;3.0;1.0;64.0;7.0;0.0;12.0;10.0;4.0;7.0;14.5;13.0;28.0;39.0;21.0;27.0;8.0;0.0;9.0;75.0;9202392060;2017;92023;92023;Clamart;Clamart;Métropole du Grand Paris;200054781;Hauts-de-Seine;92;Île-de-France;11
48.805031980726646, 2.257847960772323;"{""coordinates"": [[[2.256633043207297, 48.80404377113072], [2.256353268734137, 48.80583142156097], [2.259062927732809, 48.8060201836359], [2.259342606158324, 48.80423252537841], [2.256633043207297, 48.80404377113072]]], ""type"": ""Polygon""}";CRS3035RES200mN2884400E3753200;0;CRS3035RES1000mN2884000E3753000;0;CRS3035RES1000mN2884000E3753000;859267;279.0;36.0;11.0;70.0;11.0;9857249.5;9650.0;46.0;65.0;49.0;22.0;8.0;32.0;0.0;11.0;9.0;8.0;15.5;32.0;34.5;54.0;66.0;30.0;24.0;6.0;0.0;6.0;111.0;92023;2017;92023;92023;Clamart;Clamart;Métropole du Grand Paris;200054781;Hauts-de-Seine;92;Île-de-France;11
48.80719703431087, 2.2629876731776806;"{""coordinates"": [[[2.261772605492373, 48.8062088799134], [2.261492997689096, 48.80799654371634], [2.264202790264653, 48.808185182018384], [2.264482302006565, 48.80639751039274], [2.261772605492373, 48.8062088799134]]], ""type"": ""Polygon""}";CRS3035RES200mN2884600E3753600;0;CRS3035RES1000mN2884000E3753000;0;CRS3035RES1000mN2884000E3753000;859265;273.5;25.0;14.0;59.0;5.0;11876581.8;9240.0;46.0;55.0;48.0;45.0;5.0;3.0;0.0;0.0;14.0;12.0;14.5;21.0;25.0;58.0;55.0;41.0;26.0;7.0;0.0;2.0;101.0;92023;2017;92023;92023;Clamart;Clamart;Métropole du Grand Paris;200054781;Hauts-de-Seine;92;Île-de-France;11
48.798447229641134, 2.2670944280067626;"{""coordinates"": [[[2.265879479489584, 48.797459118081534], [2.265600094812224, 48.79924680110255], [2.268309425904153, 48.79943533451016], [2.268588714560159, 48.79764764367276], [2.265879479489584, 48.797459118081534]]], ""type"": ""Polygon""}";CRS3035RES200mN2883600E3753800;0;CRS3035RES1000mN2883000E3753000;0;CRS3035RES1000mN2883000E3753000;856267;629.5;92.0;20.0;70.0;61.0;15998277.7;17397.2;246.0;27.0;42.0;148.0;2.0;81.0;0.0;176.0;37.0;20.5;45.0;41.5;52.5;136.0;129.0;82.0;51.0;35.0;0.0;32.0;273.0;92023;2017;92023;92023;Clamart;Clamart;Métropole du Grand Paris;200054781;Hauts-de-Seine;92;Île-de-France;11
48.77952366921958, 2.228983249605547;"{""coordinates"": [[[2.227769478867978, 48.77853514810561], [2.227488883840163, 48.780322734192524], [2.230197069670085, 48.780512183668016], [2.230477568792114, 48.778724589731524], [2.227769478867978, 48.77853514810561]]], ""type"": ""Polygon""}";CRS3035RES200mN2881800E3750800;0;CRS3035RES1000mN2881000E3750000;0;CRS3035RES1000mN2881000E3750000;853186;264.0;20.0;12.0;74.0;3.0;7699436.3;8894.0;21.0;76.0;26.0;23.0;33.0;15.0;0.0;0.0;9.0;4.0;15.5;25.5;32.0;41.0;62.0;41.0;23.0;11.0;0.0;9.0;97.0;92023;2017;92023;92023;Clamart;Clamart;Métropole du Grand Paris;200054781;Hauts-de-Seine;92;Île-de-France;11
48.7887542786022, 2.2576557314140446;"{""coordinates"": [[[2.25644118881696, 48.78776606497283], [2.2561615472328, 48.789553728119536], [2.258870323365541, 48.78974248554818], [2.259149868981301, 48.78795481457811], [2.25644118881696, 48.78776606497283]]], ""type"": ""Polygon""}";CRS3035RES200mN2882600E3753000;1;CRS3035RES1000mN2882000E3753000;0;CRS3035RES1000mN2882000E3753000;856227;52.0;5.4;0.9;8.1;0.9;1534121.6;1566.3;12.5;6.3;0.9;2.7;7.2;8.0;0.0;0.0;0.0;0.9;2.7;3.6;4.5;15.2;9.9;10.7;1.8;2.7;0.0;1.8;18.8;92023;2017;92023;92023;Clamart;Clamart;Métropole du Grand Paris;200054781;Hauts-de-Seine;92;Île-de-France;11
48.80738563580155, 2.2656974270975963;"{""coordinates"": [[[2.264482302006565, 48.80639751039274], [2.264202790264653, 48.808185182018384], [2.266912601591167, 48.80837375451884], [2.267192017269119, 48.80658607507317], [2.264482302006565, 48.80639751039274]]], ""type"": ""Polygon""}";CRS3035RES200mN2884600E3753800;0;CRS3035RES1000mN2884000E3753000;0;CRS3035RES1000mN2884000E3753000;859266;282.0;28.0;9.0;84.0;10.0;11050104.2;10179.2;44.0;66.0;67.0;29.0;4.0;9.0;1.0;0.0;11.0;8.5;21.5;28.5;18.5;51.0;61.0;28.0;36.0;18.0;0.0;8.0;110.0;92023;2017;92023;92023;Clamart;Clamart;Métropole du Grand Paris;200054781;Hauts-de-Seine;92;Île-de-France;11
48.775759021882145, 2.2268363560819036;"{""coordinates"": [[[2.225622713086273, 48.77477047737577], [2.225342073171109, 48.77655806019978], [2.228050048394724, 48.77674755972489], [2.228330592423713, 48.77495996905016], [2.225622713086273, 48.77477047737577]]], ""type"": ""Polygon""}";CRS3035RES200mN2881400E3750600;1;CRS3035RES1000mN2881000E3750000;0;CRS3035RES1000mN2881000E3750000;853181;7.0;1.2;0.4;1.8;0.4;183699.5;168.8;1.9;1.0;1.7;1.2;0.0;0.0;0.0;0.0;0.4;0.0;0.0;0.4;0.6;1.7;1.3;0.6;1.2;0.4;0.4;0.4;2.9;920237864091064;2017;91064;91064;Bièvres;Bièvres;CA Versailles Grand Parc (C.A.V.G.P.);247800584;Essonne;91;Île-de-France;11
48.78328827302987, 2.231130443562496;"{""coordinates"": [[[2.229916545052198, 48.782299775311735], [2.229635994935155, 48.78408736466308], [2.232344391409558, 48.78427676408051], [2.23262484560121, 48.7824891668808], [2.229916545052198, 48.782299775311735]]], ""type"": ""Polygon""}";CRS3035RES200mN2882200E3751000;0;CRS3035RES1000mN2882000E3751000;0;CRS3035RES1000mN2882000E3751000;856196;715.0;117.0;40.0;0.0;52.0;13018467.5;16956.0;297.0;0.0;0.0;255.0;0.0;42.0;0.0;260.0;33.0;20.0;39.0;70.0;48.0;149.0;153.0;89.0;76.0;34.0;4.0;69.0;297.0;9202392048;2017;92023;92023;Clamart;Clamart;Métropole du Grand Paris;200054781;Hauts-de-Seine;92;Île-de-France;11
48.808796025771265, 2.2599982694600143;"{""coordinates"": [[[2.258783223870762, 48.807807839613524], [2.258503494568886, 48.809595493311484], [2.26121336445451, 48.80978420524044], [2.261492997689096, 48.80799654371634], [2.258783223870762, 48.807807839613524]]], ""type"": ""Polygon""}";CRS3035RES200mN2884800E3753400;0;CRS3035RES1000mN2884000E3753000;0;CRS3035RES1000mN2884000E3753000;859258;185.5;15.0;7.0;49.0;6.0;7394687.0;6428.0;13.0;54.0;39.0;14.0;4.0;10.0;0.0;2.0;6.0;4.0;15.5;14.0;20.0;30.0;43.0;38.0;6.0;8.0;1.0;5.0;67.0;92023;2017;92023;92023;Clamart;Clamart;Métropole du Grand Paris;200054781;Hauts-de-Seine;92;Île-de-France;11
48.801834020911706, 2.2638262380971237;"{""coordinates"": [[[2.262611276347299, 48.80084587482824], [2.262331744818182, 48.80263354546967], [2.265041249235214, 48.8028221603058], [2.26532068472853, 48.80103448184385], [2.262611276347299, 48.80084587482824]]], ""type"": ""Polygon""}";CRS3035RES200mN2884000E3753600;0;CRS3035RES1000mN2884000E3753000;0;CRS3035RES1000mN2884000E3753000;859276;675.0;135.0;11.0;178.0;36.0;20620110.1;20858.0;307.0;13.0;89.0;33.0;158.0;40.0;0.0;70.0;29.0;23.5;48.0;48.0;34.5;139.0;129.0;92.0;84.0;48.0;0.0;22.0;320.0;92023;2017;92023;92023;Clamart;Clamart;Métropole du Grand Paris;200054781;Hauts-de-Seine;92;Île-de-France;11
48.80757417149162, 2.2684071997640394;"{""coordinates"": [[[2.267192017269119, 48.80658607507317], [2.266912601591167, 48.80837375451884], [2.269622431662366, 48.80856226121701], [2.269901751273759, 48.806774573953945], [2.267192017269119, 48.80658607507317]]], ""type"": ""Polygon""}";CRS3035RES200mN2884600E3754000;0;CRS3035RES1000mN2884000E3754000;0;CRS3035RES200mN2884600E3754000;859353;989.0;222.0;27.0;210.0;48.0;27217837.7;28468.0;452.0;24.0;38.0;103.0;122.0;213.0;0.0;133.0;47.0;22.5;67.5;97.0;50.0;233.0;197.0;108.0;100.0;67.0;0.0;38.0;476.0;92023;2017;92023;92023;Clamart;Clamart;Métropole du Grand Paris;200054781;Hauts-de-Seine;92;Île-de-France;11
48.78028092539527, 2.2398159514779445;"{""coordinates"": [[[2.238601951337115, 48.779292520097414], [2.23832173994804, 48.78108013756676], [2.241030000949245, 48.78126932402133], [2.241310116422136, 48.77948169871301], [2.238601951337115, 48.779292520097414]]], ""type"": ""Polygon""}";CRS3035RES200mN2881800E3751600;0;CRS3035RES1000mN2881000E3751000;0;CRS3035RES1000mN2881000E3751000;853190;61.0;6.0;4.0;6.0;2.0;972772.5;1278.0;16.0;6.0;18.0;3.0;0.0;1.0;0.0;0.0;3.0;3.0;4.0;4.0;8.0;19.0;10.0;3.0;4.0;3.0;0.0;7.0;22.0;9202392060;2017;92023;92023;Clamart;Clamart;Métropole du Grand Paris;200054781;Hauts-de-Seine;92;Île-de-France;11
48.784423462310556, 2.247380872859335;"{""coordinates"": [[[2.246166630199423, 48.78343513834847], [2.245886655673754, 48.78522277475041], [2.248595164861246, 48.78541177959583], [2.248875043445926, 48.783624135361386], [2.246166630199423, 48.78343513834847]]], ""type"": ""Polygon""}";CRS3035RES200mN2882200E3752200;0;CRS3035RES1000mN2882000E3752000;0;CRS3035RES1000mN2882000E3752000;856217;204.5;34.0;9.0;1.0;25.0;3675485.5;4966.0;29.0;64.0;0.0;92.0;0.0;1.0;0.0;92.0;9.5;6.0;9.0;18.0;18.0;30.0;33.0;34.0;33.0;14.0;0.0;24.0;93.0;92023;2017;92023;92023;Clamart;Clamart;Métropole du Grand Paris;200054781;Hauts-de-Seine;92;Île-de-France;11
48.78461243035819, 2.2500893434577076;"{""coordinates"": [[[2.248875043445926, 48.783624135361386], [2.248595164861246, 48.78541177959583], [2.25130369281237, 48.78560071867664], [2.251583475453454, 48.783813066612346], [2.248875043445926, 48.783624135361386]]], ""type"": ""Polygon""}";CRS3035RES200mN2882200E3752400;0;CRS3035RES1000mN2882000E3752000;0;CRS3035RES1000mN2882000E3752000;856216;203.0;8.0;11.0;12.0;2.0;5556533.2;5371.0;59.0;0.0;1.0;0.0;43.0;15.0;0.0;0.0;28.0;9.0;27.0;20.0;10.0;73.0;34.0;1.0;1.0;0.0;0.0;4.0;59.0;9202392060;2017;92023;92023;Clamart;Clamart;Métropole du Grand Paris;200054781;Hauts-de-Seine;92;Île-de-France;11
48.77811482196341, 2.2346799054770567;"{""coordinates"": [[[2.233466055245442, 48.7771263615302], [2.233185677515857, 48.77891396560595], [2.235893805032936, 48.779103275728154], [2.236174086860041, 48.77731566380887], [2.233466055245442, 48.7771263615302]]], ""type"": ""Polygon""}";CRS3035RES200mN2881600E3751200;0;CRS3035RES1000mN2881000E3751000;0;CRS3035RES1000mN2881000E3751000;853191;121.5;15.0;4.0;19.0;3.0;2919614.5;2950.2;31.0;20.0;19.0;5.0;14.0;12.0;1.0;0.0;4.0;3.0;2.5;10.0;11.0;35.0;30.0;17.0;7.0;2.0;0.0;13.0;51.0;92023;2017;92023;92023;Clamart;Clamart;Métropole du Grand Paris;200054781;Hauts-de-Seine;92;Île-de-France;11
48.776516478302376, 2.2376682155766745;"{""coordinates"": [[[2.236454343214892, 48.77552804959769], [2.236174086860041, 48.77731566380887], [2.23888213725914, 48.77750490033721], [2.239162297717409, 48.77571727828587], [2.236454343214892, 48.77552804959769]]], ""type"": ""Polygon""}";CRS3035RES200mN2881400E3751400;0;CRS3035RES1000mN2881000E3751000;0;CRS3035RES1000mN2881000E3751000;853189;46.5;3.0;1.0;9.0;1.0;1248834.0;1339.0;2.0;14.0;7.0;1.0;2.0;6.0;0.0;0.0;2.5;0.0;3.0;1.0;4.0;12.0;6.0;14.0;2.0;2.0;0.0;1.0;16.0;920239201992060;2017;92023;92023;Clamart;Clamart;Métropole du Grand Paris;200054781;Hauts-de-Seine;92;Île-de-France;11
48.81133801916927, 2.2705583972123216;"{""coordinates"": [[[2.269343086645245, 48.81034994620338], [2.269063716219104, 48.81213762891338], [2.271773757192609, 48.81232608544015], [2.272053031532547, 48.81053839491395], [2.269343086645245, 48.81034994620338]]], ""type"": ""Polygon""}";CRS3035RES200mN2885000E3754200;0;CRS3035RES1000mN2885000E3754000;0;CRS3035RES200mN2885000E3754200;859377;766.0;170.0;12.0;157.0;36.0;24696930.2;23086.7;342.0;32.0;222.0;10.0;132.0;10.0;0.0;75.0;43.5;18.5;48.0;54.0;48.0;194.0;177.0;68.0;79.0;36.0;0.0;29.0;374.0;92023;2017;92023;92023;Clamart;Clamart;Métropole du Grand Paris;200054781;Hauts-de-Seine;92;Île-de-France;11
48.81256002720205, 2.2621488794296627;"{""coordinates"": [[[2.260933705785331, 48.81157186448591], [2.260654021678261, 48.81335952145319], [2.263364102489069, 48.81354818322765], [2.263643690509198, 48.81176051843552], [2.260933705785331, 48.81157186448591]]], ""type"": ""Polygon""}";CRS3035RES200mN2885200E3753600;0;CRS3035RES1000mN2885000E3753000;0;CRS3035RES200mN2885200E3753600;859314;264.5;30.0;9.0;79.0;8.0;10219246.0;8502.0;43.0;58.0;78.0;14.0;3.0;6.0;0.0;0.0;12.0;6.0;21.0;26.5;21.0;54.0;57.0;33.0;27.0;7.0;0.0;6.0;101.0;9202392040;2017;92023;92023;Clamart;Clamart;Métropole du Grand Paris;200054781;Hauts-de-Seine;92;Île-de-France;11
48.80465433281344, 2.252428776357054;"{""coordinates"": [[[2.251213973605196, 48.803666065254], [2.250934007044541, 48.80545370002172], [2.253643628502625, 48.80564259368932], [2.253923499020831, 48.803854951089036], [2.251213973605196, 48.803666065254]]], ""type"": ""Polygon""}";CRS3035RES200mN2884400E3752800;0;CRS3035RES1000mN2884000E3752000;0;CRS3035RES1000mN2884000E3752000;859246;76.0;5.0;4.0;21.0;2.0;2725906.5;2768.0;4.0;22.0;7.0;5.0;9.0;5.0;0.0;0.0;1.0;2.0;3.0;11.0;6.0;9.0;19.0;12.0;8.0;5.0;0.0;2.0;26.0;92023;2017;92023;92023;Clamart;Clamart;Métropole du Grand Paris;200054781;Hauts-de-Seine;92;Île-de-France;11
48.80229975117165, 2.244580334479382;"{""coordinates"": [[[2.243365739233925, 48.801311399457695], [2.243085510045888, 48.80309901299636], [2.24579497911146, 48.80328809620693], [2.246075112273369, 48.80150047482845], [2.243365739233925, 48.801311399457695]]], ""type"": ""Polygon""}";CRS3035RES200mN2884200E3752200;0;CRS3035RES1000mN2884000E3752000;0;CRS3035RES1000mN2884000E3752000;859244;39.0;1.0;2.0;13.0;2.0;1809306.0;1557.0;0.0;13.0;9.0;1.0;1.0;2.0;0.0;0.0;1.0;0.0;1.0;10.0;3.0;3.0;8.0;7.0;5.0;1.0;0.0;1.0;13.0;92023;2017;92023;92023;Clamart;Clamart;Métropole du Grand Paris;200054781;Hauts-de-Seine;92;Île-de-France;11
48.812371336436165, 2.2594388560439786;"{""coordinates"": [[[2.258223739823888, 48.811383144730186], [2.257943959632474, 48.81317079386991], [2.260654021678261, 48.81335952145319], [2.260933705785331, 48.81157186448591], [2.258223739823888, 48.811383144730186]]], ""type"": ""Polygon""}";CRS3035RES200mN2885200E3753400;0;CRS3035RES1000mN2885000E3753000;0;CRS3035RES200mN2885200E3753400;859307;208.0;22.0;12.0;47.0;7.0;7276121.2;5877.0;37.0;39.0;49.0;7.0;2.0;18.0;0.0;0.0;11.0;5.0;16.0;16.0;26.0;40.0;53.0;16.0;16.0;8.0;1.0;9.0;76.0;92023;2017;92023;92023;Clamart;Clamart;Métropole du Grand Paris;200054781;Hauts-de-Seine;92;Île-de-France;11
48.80597494907137, 2.2713962500485625;"{""coordinates"": [[[2.270181045482712, 48.8049868844139], [2.269901751273759, 48.806774573953945], [2.272611504014231, 48.80696300703438], [2.272890702162553, 48.80517530968035], [2.270181045482712, 48.8049868844139]]], ""type"": ""Polygon""}";CRS3035RES200mN2884400E3754200;0;CRS3035RES1000mN2884000E3754000;0;CRS3035RES200mN2884400E3754200;859341;366.5;29.0;15.0;115.0;10.0;14617179.4;12026.0;43.0;95.0;68.0;22.0;37.0;11.0;0.0;0.0;15.0;12.0;20.0;33.5;31.0;50.0;67.0;65.0;47.0;26.0;0.0;2.0;138.0;92023;2017;92023;92023;Clamart;Clamart;Métropole du Grand Paris;200054781;Hauts-de-Seine;92;Île-de-France;11
48.78696661040147, 2.2579353123058943;"{""coordinates"": [[[2.256720804980455, 48.7859783995416], [2.25644118881696, 48.78776606497283], [2.259149868981301, 48.78795481457811], [2.259429389184912, 48.78616714132431], [2.256720804980455, 48.7859783995416]]], ""type"": ""Polygon""}";CRS3035RES200mN2882400E3753000;0;CRS3035RES1000mN2882000E3753000;0;CRS3035RES1000mN2882000E3753000;856230;95.0;18.0;2.0;33.0;3.0;2784762.1;3555.0;11.0;33.0;26.0;13.0;4.0;1.0;0.0;0.0;0.0;4.0;4.5;4.0;7.5;10.0;24.0;16.0;13.0;12.0;0.0;2.0;44.0;9202392060;2017;92023;92023;Clamart;Clamart;Métropole du Grand Paris;200054781;Hauts-de-Seine;92;Île-de-France;11
48.810960982318, 2.2651384488388517;"{""coordinates"": [[[2.263923253099962, 48.80997285136588], [2.263643690509198, 48.81176051843552], [2.266353693989211, 48.81194910657824], [2.26663316049896, 48.810161431687085], [2.263923253099962, 48.80997285136588]]], ""type"": ""Polygon""}";CRS3035RES200mN2885000E3753800;0;CRS3035RES1000mN2885000E3753000;0;CRS3035RES200mN2885000E3753800;859321;347.5;72.0;8.0;73.0;20.0;11629827.7;11164.7;114.0;52.0;124.0;4.0;4.0;33.0;1.0;29.0;16.0;7.0;22.5;26.0;31.0;68.0;87.0;41.0;38.0;11.0;0.0;19.0;166.0;92023;2017;92023;92023;Clamart;Clamart;Métropole du Grand Paris;200054781;Hauts-de-Seine;92;Île-de-France;11
48.78347763564379, 2.2338388014743455;"{""coordinates"": [[[2.23262484560121, 48.7824891668808], [2.232344391409558, 48.78427676408051], [2.235052806685111, 48.78446609773776], [2.235333164948766, 48.78267849269229], [2.23262484560121, 48.7824891668808]]], ""type"": ""Polygon""}";CRS3035RES200mN2882200E3751200;0;CRS3035RES1000mN2882000E3751000;0;CRS3035RES1000mN2882000E3751000;856192;528.5;83.0;22.0;10.0;30.0;9371218.7;12807.0;208.0;10.0;6.0;204.0;1.0;7.0;0.0;207.0;37.0;21.5;28.0;46.0;31.0;91.0;100.0;67.0;82.0;24.0;1.0;47.0;218.0;9202392048;2017;92023;92023;Clamart;Clamart;Métropole du Grand Paris;200054781;Hauts-de-Seine;92;Île-de-France;11
48.8054093654569, 2.263267220238502;"{""coordinates"": [[[2.26205218786764, 48.80442121383128], [2.261772605492373, 48.8062088799134], [2.264482302006565, 48.80639751039274], [2.264761788328989, 48.804609836488666], [2.26205218786764, 48.80442121383128]]], ""type"": ""Polygon""}";CRS3035RES200mN2884400E3753600;0;CRS3035RES1000mN2884000E3753000;0;CRS3035RES1000mN2884000E3753000;859261;266.5;9.0;12.0;79.0;8.0;12320165.3;9395.0;5.0;80.0;68.0;4.0;6.0;7.0;0.0;0.0;10.0;4.0;15.0;22.5;37.0;31.0;58.0;44.0;34.0;11.0;0.0;6.0;85.0;92023;2017;92023;92023;Clamart;Clamart;Métropole du Grand Paris;200054781;Hauts-de-Seine;92;Île-de-France;11
48.78602205984065, 2.2443923858036117;"{""coordinates"": [[[2.243178165256138, 48.78503370414119], [2.242898069332151, 48.78682133041954], [2.24560665569667, 48.78701040886466], [2.245886655673754, 48.78522277475041], [2.243178165256138, 48.78503370414119]]], ""type"": ""Polygon""}";CRS3035RES200mN2882400E3752000;0;CRS3035RES1000mN2882000E3752000;0;CRS3035RES1000mN2882000E3752000;856224;766.0;88.0;41.0;0.0;58.0;13500114.9;17784.0;277.0;6.0;0.0;191.0;0.0;92.0;0.0;281.0;66.5;33.0;72.5;76.0;55.0;173.0;149.0;59.0;59.0;23.0;0.0;60.0;283.0;92023;2017;92023;92023;Clamart;Clamart;Métropole du Grand Paris;200054781;Hauts-de-Seine;92;Île-de-France;11
48.80023491543095, 2.2668150786389423;"{""coordinates"": [[[2.265600094812224, 48.79924680110255], [2.26532068472853, 48.80103448184385], [2.268030111850332, 48.801223023068594], [2.268309425904153, 48.79943533451016], [2.265600094812224, 48.79924680110255]]], ""type"": ""Polygon""}";CRS3035RES200mN2883800E3753800;0;CRS3035RES1000mN2883000E3753000;0;CRS3035RES1000mN2883000E3753000;856270;1660.5;290.0;27.0;351.0;107.0;49237382.0;51049.5;730.0;34.0;92.0;3.0;245.0;423.0;1.0;227.0;76.0;43.5;99.0;128.5;118.0;326.0;396.5;241.0;165.0;67.0;0.0;68.0;764.0;92023;2017;92023;92023;Clamart;Clamart;Métropole du Grand Paris;200054781;Hauts-de-Seine;92;Île-de-France;11
48.7848013326422, 2.252797832815275;"{""coordinates"": [[[2.251583475453454, 48.783813066612346], [2.25130369281237, 48.78560071867664], [2.254012239520855, 48.78578959199213], [2.254291926215759, 48.78400193210068], [2.251583475453454, 48.783813066612346]]], ""type"": ""Polygon""}";CRS3035RES200mN2882200E3752600;0;CRS3035RES1000mN2882000E3752000;0;CRS3035RES1000mN2882000E3752000;856212;61.0;6.0;2.0;11.0;2.0;1626033.1;1686.0;8.0;14.0;7.0;4.0;2.0;9.0;0.0;7.0;5.0;2.0;3.0;3.0;6.0;17.0;10.0;8.0;6.0;1.0;0.0;3.0;22.0;9202392060;2017;92023;92023;Clamart;Clamart;Métropole du Grand Paris;200054781;Hauts-de-Seine;92;Île-de-France;11
48.79684803036282, 2.2700829484024343;"{""coordinates"": [[[2.268867977821642, 48.79585995055607], [2.268588714560159, 48.79764764367276], [2.271297968359856, 48.7978361034776], [2.271577135605908, 48.79604840254794], [2.268867977821642, 48.79585995055607]]], ""type"": ""Polygon""}";CRS3035RES200mN2883400E3754000;0;CRS3035RES1000mN2883000E3754000;0;CRS3035RES1000mN2883000E3754000;856294;236.5;6.0;7.0;74.0;6.0;10189321.2;8795.0;12.0;71.0;47.0;18.0;4.0;14.0;0.0;0.0;6.5;3.0;18.0;26.0;17.0;25.0;52.0;45.0;32.0;12.0;0.0;3.0;83.0;92023;2017;92023;92023;Clamart;Clamart;Métropole du Grand Paris;200054781;Hauts-de-Seine;92;Île-de-France;11
48.803810280173366, 2.266256303688852;"{""coordinates"": [[[2.265041249235214, 48.8028221603058], [2.264761788328989, 48.804609836488666], [2.267471407536102, 48.80479839334977], [2.267750772395409, 48.80301070934835], [2.265041249235214, 48.8028221603058]]], ""type"": ""Polygon""}";CRS3035RES200mN2884200E3753800;0;CRS3035RES1000mN2884000E3753000;0;CRS3035RES1000mN2884000E3753000;859278;911.0;209.0;20.0;198.0;74.0;25331864.0;25701.0;444.0;19.0;141.0;82.0;92.0;148.0;0.0;114.0;47.5;30.5;70.0;59.0;45.0;241.0;220.0;78.0;73.0;46.0;1.0;39.0;463.0;92023;2017;92023;92023;Clamart;Clamart;Métropole du Grand Paris;200054781;Hauts-de-Seine;92;Île-de-France;11
48.802110638986356, 2.2418709228239524;"{""coordinates"": [[[2.240656384987759, 48.80112225829922], [2.2403760597762, 48.802909863995424], [2.243085510045888, 48.80309901299636], [2.243365739233925, 48.801311399457695], [2.240656384987759, 48.80112225829922]]], ""type"": ""Polygon""}";CRS3035RES200mN2884200E3752000;0;CRS3035RES1000mN2884000E3752000;0;CRS3035RES1000mN2884000E3752000;859247;176.0;10.0;7.0;22.0;6.0;6618561.0;4761.0;43.0;19.0;17.0;2.0;3.0;40.0;0.0;35.0;8.0;6.0;14.5;20.5;12.0;25.0;52.0;24.0;9.0;5.0;0.0;4.0;62.0;9202392048;2017;92023;92023;Clamart;Clamart;Métropole du Grand Paris;200054781;Hauts-de-Seine;92;Île-de-France;11
48.81415898835078, 2.259159111171907;"{""coordinates"": [[[2.257943959632474, 48.81317079386991], [2.257664153991352, 48.81495844073096], [2.260374312130009, 48.815147176142496], [2.260654021678261, 48.81335952145319], [2.257943959632474, 48.81317079386991]]], ""type"": ""Polygon""}";CRS3035RES200mN2885400E3753400;0;CRS3035RES1000mN2885000E3753000;0;CRS3035RES200mN2885400E3753400;859313;246.0;24.0;7.0;71.0;14.0;7582490.1;7886.0;26.0;70.0;63.0;7.0;9.0;17.0;0.0;0.0;14.0;5.0;13.0;13.0;21.0;49.0;53.0;32.0;32.0;14.0;0.0;6.0;96.0;9202392040;2017;92023;92023;Clamart;Clamart;Métropole du Grand Paris;200054781;Hauts-de-Seine;92;Île-de-France;11
48.799480239854134, 2.255977712168672;"{""coordinates"": [[[2.254762957886916, 48.79849200959668], [2.254483163709684, 48.80027965904299], [2.25719251583161, 48.80046846342707], [2.257472213989355, 48.79868080615301], [2.254762957886916, 48.79849200959668]]], ""type"": ""Polygon""}";CRS3035RES200mN2883800E3753000;1;CRS3035RES1000mN2883000E3753000;0;CRS3035RES1000mN2883000E3753000;856251;4.0;0.2;0.2;1.0;0.1;139948.6;139.1;0.0;1.2;0.6;0.1;0.3;0.2;0.0;0.0;0.1;0.0;0.5;0.6;0.5;0.2;1.0;0.6;0.4;0.1;0.0;0.2;1.2;92023;2017;92023;92023;Clamart;Clamart;Métropole du Grand Paris;200054781;Hauts-de-Seine;92;Île-de-France;11
48.80644197035685, 2.2521488450886045;"{""coordinates"": [[[2.250934007044541, 48.80545370002172], [2.250654015021778, 48.80724133250734], [2.253363732530838, 48.80743023400827], [2.253643628502625, 48.80564259368932], [2.250934007044541, 48.80545370002172]]], ""type"": ""Polygon""}";CRS3035RES200mN2884600E3752800;0;CRS3035RES1000mN2884000E3752000;0;CRS3035RES1000mN2884000E3752000;859248;182.0;12.0;10.0;62.0;9.0;7249020.6;6634.5;6.0;63.0;40.0;10.0;9.0;9.0;1.0;0.0;6.0;5.0;14.0;18.0;14.0;17.0;40.0;21.0;36.0;11.0;0.0;5.0;69.0;92023;2017;92023;92023;Clamart;Clamart;Métropole du Grand Paris;200054781;Hauts-de-Seine;92;Île-de-France;11
48.809738743313325, 2.273547613108481;"{""coordinates"": [[[2.272332280471989, 48.80875070211214], [2.272053031532547, 48.81053839491395], [2.27476299515459, 48.81072677781815], [2.275042148013762, 48.80893907720354], [2.272332280471989, 48.80875070211214]]], ""type"": ""Polygon""}";CRS3035RES200mN2884800E3754400;0;CRS3035RES1000mN2884000E3754000;0;CRS3035RES200mN2884800E3754400;859344;442.0;31.0;25.0;125.0;22.0;17316752.6;13792.0;49.0;104.0;119.0;21.0;7.0;6.0;0.0;6.0;14.0;15.0;44.5;54.0;48.0;53.5;112.0;41.0;34.0;26.0;0.0;7.0;153.0;92023;2017;92023;92023;Clamart;Clamart;Métropole du Grand Paris;200054781;Hauts-de-Seine;92;Île-de-France;11
48.79788134510311, 2.258966663093083;"{""coordinates"": [[[2.257751886715206, 48.79689314659706], [2.257472213989355, 48.79868080615301], [2.26018148884856, 48.79886953692324], [2.260461065560845, 48.79708186954296], [2.257751886715206, 48.79689314659706]]], ""type"": ""Polygon""}";CRS3035RES200mN2883600E3753200;0;CRS3035RES1000mN2883000E3753000;0;CRS3035RES1000mN2883000E3753000;856252;50.5;1.0;1.0;15.0;2.0;1949426.1;2632.0;2.0;15.0;16.0;1.0;0.0;0.0;0.0;0.0;1.0;0.0;3.0;4.5;6.0;4.0;12.0;7.0;9.0;4.0;0.0;2.0;17.0;92023;2017;92023;92023;Clamart;Clamart;Métropole du Grand Paris;200054781;Hauts-de-Seine;92;Île-de-France;11
48.81011536969714, 2.2789674817239503;"{""coordinates"": [[[2.277752034281412, 48.80912738649044], [2.277472977505111, 48.81091509491517], [2.280182978577836, 48.81110334620437], [2.280461939268678, 48.809315629972104], [2.277752034281412, 48.80912738649044]]], ""type"": ""Polygon""}";CRS3035RES200mN2884800E3754800;0;CRS3035RES1000mN2884000E3754000;0;CRS3035RES200mN2884800E3754800;859337;322.5;30.0;8.0;103.0;10.0;12552441.8;10324.5;39.0;85.0;69.0;29.0;16.0;9.0;1.0;0.0;14.0;7.0;20.5;27.5;21.5;57.0;75.0;50.0;44.0;6.0;0.0;3.0;124.0;920239202092046;2017;92023;92023;Clamart;Clamart;Métropole du Grand Paris;200054781;Hauts-de-Seine;92;Île-de-France;11
48.79863572624681, 2.2698037204534374;"{""coordinates"": [[[2.268588714560159, 48.79764764367276], [2.268309425904153, 48.79943533451016], [2.271018775727795, 48.799623802128735], [2.271297968359856, 48.7978361034776], [2.268588714560159, 48.79764764367276]]], ""type"": ""Polygon""}";CRS3035RES200mN2883600E3754000;0;CRS3035RES1000mN2883000E3754000;0;CRS3035RES1000mN2883000E3754000;856300;337.0;34.0;6.0;116.0;5.0;11468075.5;10617.0;89.0;43.0;24.0;91.0;15.0;2.0;0.0;0.0;13.0;7.0;28.5;31.5;19.0;63.0;86.0;34.0;29.0;26.0;0.0;5.0;132.0;92023;2017;92023;92023;Clamart;Clamart;Métropole du Grand Paris;200054781;Hauts-de-Seine;92;Île-de-France;11
48.813125704649785, 2.2702790621251614;"{""coordinates"": [[[2.269063716219104, 48.81213762891338], [2.268784320380658, 48.813925309347304], [2.271494457448895, 48.81411377369101], [2.271773757192609, 48.81232608544015], [2.269063716219104, 48.81213762891338]]], ""type"": ""Polygon""}";CRS3035RES200mN2885200E3754200;0;CRS3035RES1000mN2885000E3754000;0;CRS3035RES200mN2885200E3754200;859371;395.0;82.0;5.0;97.0;19.0;13576847.5;12893.7;172.0;25.0;95.0;34.0;43.0;25.0;0.0;0.0;15.0;13.0;15.0;15.0;34.0;108.0;73.0;45.0;60.0;17.0;0.0;13.0;197.0;92023;2017;92023;92023;Clamart;Clamart;Métropole du Grand Paris;200054781;Hauts-de-Seine;92;Île-de-France;11
48.784045328927355, 2.241963987965197;"{""coordinates"": [[[2.240749860014517, 48.78305694703983], [2.240469693614653, 48.78484456776885], [2.243178165256138, 48.78503370414119], [2.243458235720206, 48.78324607557439], [2.240749860014517, 48.78305694703983]]], ""type"": ""Polygon""}";CRS3035RES200mN2882200E3751800;0;CRS3035RES1000mN2882000E3751000;0;CRS3035RES1000mN2882000E3751000;856195;739.5;82.0;40.0;0.0;55.0;12668804.7;16679.0;274.0;0.0;0.0;272.0;0.0;2.0;0.0;272.0;41.0;21.0;48.0;96.5;63.0;123.0;153.0;82.0;71.0;41.0;0.0;59.0;274.0;92023;2017;92023;92023;Clamart;Clamart;Métropole du Grand Paris;200054781;Hauts-de-Seine;92;Île-de-France;11
48.78894299923355, 2.2603644689340383;"{""coordinates"": [[[2.259149868981301, 48.78795481457811], [2.258870323365541, 48.78974248554818], [2.261579118242068, 48.789931177204004], [2.261858567886839, 48.78814349841326], [2.259149868981301, 48.78795481457811]]], ""type"": ""Polygon""}";CRS3035RES200mN2882600E3753200;0;CRS3035RES1000mN2882000E3753000;0;CRS3035RES1000mN2882000E3753000;856234;179.5;22.0;7.0;36.0;9.0;4932827.3;5745.2;34.0;39.0;24.0;14.0;10.0;24.0;1.0;0.0;14.5;4.0;10.5;12.5;14.0;45.0;24.0;22.0;19.0;14.0;0.0;8.0;73.0;92023;2017;92023;92023;Clamart;Clamart;Métropole du Grand Paris;200054781;Hauts-de-Seine;92;Île-de-France;11
